Country,c_code,GCI_2020,inflation_cpi,govt_expenditure_pct_gdp,gross_capital_formation_pct_gdp,trade_openness,industry_share_gdp,gdp_growth,gdp_pc_current_usd,gdp_pc_ppp,gni_per_capita_ppp,youth_literacy,comp_edu_duration,primary_enorllment_gross,secondary_enrollment_gross,tertiary_enrollment_gross,govt_expenditure_edu_pct,unemployment_ilo,HCI_2020
Afghanistan,AFG,5.203512727201463,5.60188791482224,22.1092193573017,11.5,46.7098945514103,12.9525996015547,-2.35110067203466,510.787063366811,2561.98176058622,2580.0,53.9721805049471,9.0,,,10.85435962677,,11.71,0.4
Angola,AGO,12.994070567139236,22.271539247051,11.4461511598374,19.6439562319095,54.3442286847189,36.7098511285088,-4.04244724639663,1759.35619918264,7827.42804325818,7250.0,,10.0,,,,5.29473572273771,16.696,0.36
Albania,ALB,64.32106632384881,1.62088661717004,13.6673304618118,26.2183472454095,59.5206994391875,23.4687164183412,-3.31375636888916,6027.91350716348,16287.6097663649,16020.0,,9.0,100.020970049835,95.9294474518951,61.5853024328899,10.267430305481,11.639,0.63
Andorra,AND,26.37853242136431,,,,,12.6601582717327,-11.1839399355384,37361.1070081615,52095.8414004627,58900.0,,10.0,89.4271272114575,97.1500396728516,15.2605749006777,8.99186922593895,,
United Arab Emirates,ARE,98.06130127925962,-2.07940317940944,14.8528181861846,22.8266562576,181.29188817064,40.3215883178557,-8.69342617885171,37991.7492971665,66790.6822664754,66440.0,,12.0,108.069803864287,99.1635400791877,54.9746998074699,12.7982301712036,4.294,0.67
Argentina,ARG,50.119036387805785,42.0150947376509,16.8730073837365,14.4151557410245,30.203698807416,22.4088763711802,-9.9004848136464,8535.59938004389,22393.3479575353,21790.0,99.6800003051758,14.0,108.504623413086,112.376731872559,99.3697348717996,12.4222898483276,11.461,0.6
Armenia,ARM,50.47414603441946,1.21143577838465,14.9686182373692,19.663832943599,70.1213571368789,26.8172956979296,-7.19999999920631,4268.68093304583,14706.3173043422,14470.0,99.870002746582,12.0,92.8692618061259,88.5080298201293,52.3331534448642,8.82777976989746,18.175,0.58
Antigua and Barbuda,ATG,15.615246087583332,0.625989707046719,,,94.289529886499,21.1209995224877,-18.8687765208148,15369.6082250401,22370.0918693813,22380.0,,11.0,,,,7.37875673022059,,0.6
Australia,AUS,97.4674007977187,0.846905537459305,21.8138607927779,22.3449300806534,44.499564103879,25.402839408227,-0.133531904304775,51983.4523666382,54184.1614486854,52890.0,,11.0,99.9011077880859,137.490737915039,110.139221191406,12.1686601638794,6.394,0.77
Austria,AUT,93.8931269060767,1.38191063351862,21.1529340170726,25.6530737541266,99.9482141095975,25.6544867826211,-6.31825509209936,48716.4098900349,58523.0337816246,59170.0,,13.0,101.560852050781,101.690559387207,88.7071990966797,9.73538017272949,5.201,0.75
Azerbaijan,AZE,89.3097838514196,2.75980947008127,16.2189420775689,23.6659543305763,72.0178676487811,41.9563201571824,-4.19896065333343,4229.91064904503,15163.5703327282,15070.0,,9.0,98.2360713897839,91.365513501165,36.3854742250215,10.7878503799438,7.24,0.58
Burundi,BDI,1.727957760407723,7.32110643415521,25.7299573934325,,,16.3339922370636,0.306443809481593,255.8324539389,958.135599490084,960.0,88.3979336343743,,101.661087301601,44.9151717353101,,20.7419523430914,1.03,0.39
Belgium,BEL,96.25422116527945,0.740791812220344,24.3008045914304,24.068567845367,156.950121282783,19.0811705163268,-4.7929839083518,45906.2875805246,56120.0958420466,56620.0,,12.0,102.064270019531,151.727508544922,79.4996032714844,11.5557899475098,5.545,0.76
Benin,BEN,80.0641298788483,3.02272119663759,11.3993621464496,25.6338435081567,44.8332333768726,16.2905490528658,3.84879240030133,1200.19426557789,3244.58772756805,3220.0,,6.0,104.033172607422,43.9858703613281,10.3808002471924,15.7203538987759,1.518,0.4
Burkina Faso,BFA,39.9832384132157,1.88470066518847,19.7841401519952,17.1615174265995,60.7397786403239,29.4694767840377,2.01077262406221,825.237038782475,2380.72282781802,2280.0,,10.0,87.6988473437538,39.2540084845692,7.64277062242324,20.9924587920549,4.59,0.38
Bangladesh,BGD,81.27036583031082,5.69107474746211,5.97120729189186,31.3079413414304,26.271447376215,32.9115650824449,3.44801755122445,2248.85078828233,6640.58437331062,6920.0,94.4599990844727,5.0,110.066619873047,66.4329548486639,22.6923019564501,15.0307025894897,5.539,0.46
Bulgaria,BGR,67.38238124255135,1.67244096855756,19.3251141847366,20.1519208043409,110.423899846249,21.843324087593,-3.13323303076419,10760.211975413,27351.8607448601,26360.0,,11.0,96.5437622070312,101.354942321777,85.5331115722656,11.914999961853,5.037,0.61
Bahrain,BHR,77.8595125430757,-2.31770629331379,16.5555426921807,37.2956671453326,135.460985012931,39.1001079781372,-5.9113629524152,24342.8444554718,53436.0316999712,49770.0,,9.0,,,54.4077922369055,7.1386052862896,1.765,0.65
"Bahamas, The",BHS,13.366881322674624,0.0385210980054558,21.7683727034121,23.0710591323143,53.4207580670063,12.1169136946117,-20.0893664891399,26178.7537607708,27204.625909518,25810.0,,12.0,,,,12.6566403628894,12.016,
Bosnia and Herzegovina,BIH,29.443871698918457,-1.0512960076349,20.7503447462277,23.4676997821764,82.5216467994007,23.7775660166922,-3.01509335460439,6130.31187968266,16369.9353197836,16280.0,,9.0,100.263931274414,85.5591125488281,43.8039207458496,,15.868,0.58
Belarus,BLR,50.56683763244383,5.54814357456511,16.9649774780792,27.4548359346196,118.934176146534,31.3515556956682,-0.672742918585868,6542.85579976768,24872.3066744528,23860.0,,9.0,95.5250148309274,100.575710351095,79.900160036935,12.7811498641968,4.049,0.7
Belize,BLZ,10.29010968891442,0.121434644614894,17.2815933847204,18.4434323395975,81.6431433128545,16.2275294669346,-13.5228997055506,5238.54078175696,9638.89513695889,9360.0,,8.0,112.251430128031,86.1886596150512,25.9421694120047,18.9935398101807,10.763,
Bolivia,BOL,16.138067652303285,0.940742153381849,18.606656345504,17.268345922029,37.5164342446486,27.2757447830119,-12.7194690092717,3580.96761778303,9580.98962081658,9490.0,99.5599975585938,14.0,98.2369486079625,88.8672369779995,,22.9417705535889,7.903,
Brazil,BRA,96.5979811759706,3.21176803803376,20.1351530146558,16.1158206044059,32.3020785443492,19.5061183897524,-3.27675879612903,7074.19407495707,16101.6183062954,15770.0,99.2,14.0,105.498199462891,104.125999450684,54.572811126709,12.4982500076294,13.697,0.55
Barbados,BRB,16.894020320517903,,,,,13.14764982754,-14.3647119341564,19194.4919736739,16555.3622145235,16350.0,,11.0,94.5134829805,104.318992614746,52.971630831,16.1424694061279,10.586,
Brunei Darussalam,BRN,56.07251283897301,1.94031996607184,25.4309862541788,40.5878302733583,110.291003658452,59.1336302400797,1.1335733495246,26834.3592233943,69787.9632795717,71890.0,,9.0,102.709633966272,86.6857810342997,29.1961193084717,,7.409,0.63
Bhutan,BTN,18.34299671108046,5.62936522632508,22.3153543493509,39.0705723574357,71.8303510394637,31.7909765311756,-10.2183974208569,3191.66906999331,12475.048003428,11750.0,,,103.826009511759,89.7711428873908,16.8650740250552,16.2551386021737,5.03,0.48
Botswana,BWA,53.05608520296072,1.8903591682421,36.1431463788663,32.7272598389392,77.6634178592071,26.690568101143,-8.72888243996397,6323.2974967659,15292.2624673252,15310.0,,,,,22.4017870513653,21.4650874064137,21.017,0.41
Central African Republic,CAF,3.243382479209087,1.71015659523153,9.67704000219521,25.9999999979092,49.5210200011921,20.4481887695507,0.899999996857062,462.879071294011,1066.29005423151,1130.0,,10.0,,,,9.78244273272612,6.519,0.29
Canada,CAN,97.67387780428948,0.716999632307827,22.7011077555498,22.6747176119532,61.1567709632763,22.4516173195,-5.03823343468899,43537.839298904,48590.6832121939,48240.0,,10.0,96.9089736938477,109.628059387207,75.2389068603516,12.0423498153687,9.657,0.8
Switzerland,CHE,86.96614841495517,-0.725874933313384,12.1264545910032,29.5787498388343,121.785977998371,24.8279156756116,-2.14173712008038,85897.7843338323,72997.8239503282,70510.0,,11.0,101.731712341309,104.211616516113,68.0676422119141,14.2745599746704,4.817,0.76
Chile,CHL,68.82735405468793,3.04549084804326,16.0263618695537,21.0582071011998,58.1828635629748,29.8295676046618,-6.14347479224092,13114.815470545,25350.8635082972,23770.0,,12.0,99.7043991088867,103.691688537598,89.1124877929688,19.3545894622803,10.934,0.65
China,CHN,92.53398537868163,2.41942189457782,17.6037978191606,42.5723735094229,34.0389507864581,36.9115624066306,2.34018843078414,10627.4637989619,18267.4783455827,18120.0,99.7600021362305,9.0,98.7860625918346,,61.6124675996947,,5.0,0.65
Cote d'Ivoire,CIV,67.82323567936865,2.41252617189053,11.3216044456757,21.7428934104601,41.9426318190526,20.7022034045474,0.699728593494228,2179.72934832935,5543.85096318939,5380.0,,10.0,88.6266598469541,55.4380323721262,10.2664091345849,18.5902500152588,2.588,0.38
Cameroon,CMR,45.62663968029979,2.43760882182236,12.2819316968054,17.6605439792144,33.7388313623871,23.0380654380784,0.259932915907115,1555.60370660749,4365.44704128392,4280.0,,6.0,,,15.5519566247682,14.4511222046888,3.881,0.4
"Congo, Dem. Rep.",COD,5.296650994351706,,16.6449520609411,21.848825739462,61.0284707727916,35.1616850161085,0.775427992354622,486.425572682256,1088.7890035637,1060.0,,6.0,115.898292541504,,6.37987995147705,,5.355,0.37
"Congo, Rep.",COG,14.717671729517086,1.79537147083108,17.4783555029861,23.7315670324983,69.3066247188397,33.9517597969829,-6.26777227963225,1993.586671931,4770.96449758365,4740.0,,10.0,,,,17.0091400358236,22.286,0.42
Colombia,COL,63.72467605918338,2.52663500084706,17.15883586003,19.1281469366662,34.0555709680101,23.439238595813,-7.18591413760859,5339.68711357943,15519.2101694656,15370.0,99.0100021362305,12.0,107.083686828613,101.499450683594,55.7331085205078,,15.983,0.6
Comoros,COM,3.723992221751458,0.786641929499151,10.5607884034007,11.8017625207878,33.7299346029218,8.08945324004138,-0.195577456821965,1519.34665556206,3244.8867496847,3260.0,,6.0,,,,11.4759646720252,4.468,0.4
Cabo Verde,CPV,17.740108385349988,0.605795808395385,25.729310475556,28.9619236573871,78.3934545931901,14.6866327211119,-20.8052758990735,3539.22661248299,6852.57669930355,6710.0,,10.0,103.42828248778,98.3093023666237,,17.0901870718553,14.65,
Costa Rica,CRI,67.45223272636754,0.724911478131376,17.7047320692606,16.1630546690345,60.1398862509533,20.3678511278951,-4.27335432161462,12394.0493969492,22099.8678127394,20820.0,,13.0,108.293647766113,132.678680419922,,30.0822105407715,16.432,0.63
Cuba,CUB,58.75716009510822,,38.8479022281839,9.87499068484984,15.6829868097474,23.0186675609211,-10.9494359030206,9605.27914559614,,,,9.0,101.317432743321,101.487990578922,46.7357262964117,16.6611004425148,2.233,
Cyprus,CYP,88.81889345091807,-0.638422797978959,19.2034035770133,20.6447561187859,160.66871645997,12.8234844954585,-3.22063018637567,28130.341796875,42569.0546875,39710.0,,10.0,100.735160827637,101.427406311035,92.9377593994141,12.113320350647,7.755,0.76
Czechia,CZE,74.37301698956526,3.16129528497801,21.3198902324822,24.7302051809802,128.780430305965,29.6728490106408,-5.30487955463876,23472.8915454417,44839.4822099455,42530.0,,10.0,99.7845306396484,99.3292617797852,67.1843719482422,9.9995002746582,2.55,0.75
Germany,DEU,97.4100931507712,0.144877925813982,21.7243937497102,21.7290304632077,72.9335327120137,25.2353421894561,-4.13191443239947,47394.8734504469,58685.872699771,60170.0,,13.0,101.996658325195,101.307800292969,72.3894195556641,10.7882499694824,3.881,0.75
Djibouti,DJI,1.727957760407723,1.7774078380617,19.8438122308273,-0.248727784664231,225.744871323723,14.5456933567204,1.2021151728969,2844.88810647853,5527.00185229888,5350.0,,10.0,,,,,27.701,
Dominica,DMA,4.200134446009717,1.22026442242476,,,,12.143682386304,-15.7064024545862,7827.74842680426,14243.7623123898,14480.0,,12.0,99.3255179058937,105.181579589844,,10.6661701202393,,0.54
Denmark,DNK,92.59638614091,0.420711974110115,24.6799875258246,22.7626532555055,104.433432671151,19.5550544065806,-1.78010601831291,60985.4885601514,62682.2899474389,64710.0,,10.0,100.459587097168,129.995193481445,82.6643295288086,13.8466501235962,5.644,0.76
Dominican Republic,DOM,75.06875939472309,3.78103179915517,12.0062907437446,24.879515915457,44.7331613466756,28.8243175766758,-7.92905234231061,7135.22273255899,18998.3069667315,18070.0,98.9,15.0,105.925242398247,80.0444119218853,58.7264105314523,20.63404198849,6.126,0.5
Algeria,DZA,33.94962898513718,2.41513094083414,19.8031597171656,42.9493576825015,40.3897565625388,30.0235803787213,-4.99999999908597,3743.5419522929,12676.5130564294,12470.0,,10.0,108.531941210547,,53.3752192208988,16.549171340634,14.08,0.53
Ecuador,ECU,26.298061330912244,-0.338872392562139,16.3225877996763,17.5849129748726,43.9893109378389,23.9811344799811,-9.24509619165865,5463.64515348598,11526.8013009278,11130.0,98.7699966430664,15.0,98.1163823787708,93.9849491291463,56.9066311483682,10.5995502471924,6.116,0.59
"Egypt, Arab Rep.",EGY,95.48429721074392,5.04493288977539,7.5399018301206,18.8180606572831,32.1262555667523,32.3694442999707,3.55016483786838,3511.11381026379,15231.865417764,14780.0,,12.0,95.6433012164233,79.6544750074231,38.773998260498,,7.974,0.49
Eritrea,ERI,1.727957760407723,,,,,,,,,,,8.0,,,,,6.375,
Spain,ESP,98.52135614894412,-0.322753017299739,21.8157054375876,20.6266482703898,59.4461280147076,20.1193927811735,-10.9400706350371,27233.9426461608,39327.8479269599,39400.0,99.620002746582,10.0,103.410423278809,117.367767333984,90.9548492431641,9.43229007720947,15.532,0.73
Estonia,EST,99.482637483368,-0.44453109767983,20.5086892203171,29.6538687688692,137.392641283846,21.7717078135052,-2.88380751483778,23933.9939421065,40672.1340402132,40090.0,,9.0,98.3466720581055,112.527702331543,72.0443572998047,12.1634101867676,6.956,0.78
Ethiopia,ETH,27.742517304576413,20.3563468559061,9.12947509940408,30.5789686594943,24.0061143401794,23.102295222549,6.05953089054807,829.790982547947,2406.78938478669,2390.0,,8.0,112.6701710274,,,22.4477192882845,3.998,0.38
Finland,FIN,95.77802657677049,0.290554555653239,24.4205476612504,24.9836073895773,72.1845955995888,24.227220617039,-2.49103605535707,48828.6846862799,53296.5792798852,54110.0,,10.0,99.8175811767578,143.122909545898,96.4726333618164,11.8403196334839,7.759,0.8
Fiji,FJI,29.075341651133897,-2.59524325887372,,,,18.7117601509417,-17.1835352599354,4620.6457238014,10716.2914367663,10000.0,,,112.553329467773,91.541633605957,83.7613654490349,16.6401383541374,5.054,0.51
France,FRA,97.60198444858491,0.476498852725066,24.8398357365701,22.8044182138435,58.8388907240647,16.272651205236,-7.44064589948231,39169.8606000707,49481.8044309655,50480.0,,13.0,102.651626586914,104.566566467285,68.8709411621094,9.17183971405029,8.009,0.76
"Micronesia, Fed. Sts.",FSM,0.0,0.554594630853174,,,85.0087703843389,4.87352330782266,-1.67294117647059,3362.02802120524,3683.98981483674,4170.0,,8.0,87.4240454357085,,,18.6147186147186,,0.51
Gabon,GAB,11.375690324744804,1.35276110675333,13.1475545986154,19.8634691076218,70.1140546466012,41.6943815013115,-1.83776106357656,6605.80346077565,14477.1308291744,13870.0,,10.0,,,,15.7641649523771,21.279,0.46
United Kingdom,GBR,99.5399451303155,0.989486703772491,22.3849730788057,18.2807146353402,59.1598893030611,17.4957170827215,-10.047896637362,40812.6794663879,48230.0477027461,47200.0,,11.0,102.22395324707,114.566833496094,69.3701629638672,14.0322599411011,4.472,0.78
Georgia,GEO,81.06505790050059,5.2024648897534,14.6114698025668,24.6056865974412,92.8910841752194,21.0709552310751,-6.2904717853839,4300.85701291207,16791.2598654465,16000.0,99.7579598294181,9.0,100.779530049426,108.06699476725,71.8064531290391,10.3446787622305,11.734,0.57
Ghana,GHA,86.68728117435491,9.88728956269944,7.83341015600264,18.2236669857819,66.5754987162431,29.8767542337189,0.513941670628171,2195.45481659987,6047.30111673554,6110.0,,11.0,98.4048952723908,74.0102186341371,18.6139938594155,13.6294748829413,3.178,0.45
Guinea,GIN,20.525536809173424,10.6016203387167,17.4132237183255,31.5164009990609,115.765259518929,28.5122742669412,4.70459096113575,1053.66097696415,3331.85663003801,3300.0,,6.0,100.474517822266,,,14.3359003067017,6.007,0.37
"Gambia, The",GMB,32.12214021964833,5.93127636562441,8.99176809738058,32.34205468872,47.3955201736291,16.8536853891411,0.591487287873974,720.335143352133,2530.80414937307,2490.0,,9.0,96.8827026600674,,,14.2760600158847,5.84,0.42
Guinea-Bissau,GNB,9.848674476677724,1.14000939393222,19.4482528933069,25.6521152299655,42.8853856881523,12.3946500505351,2.89139814952995,846.915855715971,2339.79326967821,2370.0,,9.0,,,,,2.887,
Equatorial Guinea,GNQ,1.4600374400603742,4.76669523944228,28.4349315814674,6.98846405853807,77.9278846441807,45.4054105758078,-4.79108083383294,5764.05502912947,13677.110587517,10310.0,,6.0,,,,,8.625,
Greece,GRC,93.9826919455881,-1.24798355581405,22.7274940590434,13.5410023084822,70.2937464580745,14.2956021874194,-9.19623149726978,17886.733165236,29533.087740299,29230.0,,10.0,97.2831726074219,103.615829467773,143.693344116211,,15.899,0.69
Grenada,GRD,9.412871644052416,-0.740732597045498,,,,13.0941605347134,-13.7566222572107,8968.55890108484,14361.1267154452,13380.0,,12.0,,104.298669179131,,,,0.57
Guatemala,GTM,13.128409671750829,3.21444062197345,11.4719698943082,13.5006823739789,41.1407594507716,22.3294622105607,-1.78555175063326,4477.61785000665,10947.3711292197,10750.0,,16.0,101.500290013425,51.7956964848587,,21.141170501709,2.965,0.46
Guyana,GUY,28.10906637723197,0.99333702283873,,,,38.7960801467797,43.479651716849,6775.70939096303,16819.4228714695,16490.0,99.1399993896484,6.0,96.3569272771871,86.9400100708008,,,15.308,0.5
Honduras,HND,2.2045693397103268,3.46841177951184,15.6611069089394,19.666372727561,88.0008563836292,25.357857215276,-8.96508223267296,2307.61494319511,5384.69831983038,5000.0,,12.0,83.6552990388855,58.4268999434804,,,10.982,0.48
Croatia,HRV,92.52586788043143,0.154811374562106,24.8876066017549,23.5443662718786,89.5480523143212,20.0965004802369,-8.31086401501189,14807.5608543265,31594.0111922141,32110.0,,8.0,99.4886703491211,105.585418701172,74.738037109375,8.21537017822266,7.389,0.71
Haiti,HTI,6.4020982110513724,22.7963113642528,7.31205557129014,17.70308377994,37.4138801252638,23.327525652015,-3.30550546965893,1290.32538667383,3103.18066312462,3110.0,,6.0,,,,10.0041094655259,15.573,0.45
Hungary,HUN,91.2753036075304,3.32674385766738,21.1998844610097,27.4644940725212,154.527002936377,24.3596848911298,-4.33872540024058,16386.9308821258,35583.5855675637,34810.0,,13.0,97.1749420166016,101.993041992188,54.6020393371582,8.07872009277344,4.248,0.68
Indonesia,IDN,94.88161470716162,1.91983527270793,9.65575053126545,32.3434120537481,32.9721754002427,38.2383937187942,-2.06551182934165,3853.70288774146,11729.3674458448,11410.0,99.7799987792969,9.0,100.951933675872,96.9345779132931,38.1650601406923,9.31964024456527,4.255,0.54
India,IND,97.49450579769008,6.62343677628535,11.6124524106018,28.9223840080659,37.7581053292768,25.1229058078344,-5.77772470686801,1907.04251637669,6966.27542785911,6870.0,95.675096052413,8.0,102.041421630559,77.9766433254166,29.5619706114824,15.9926099777222,7.859,0.49
Ireland,IRL,85.85878880707858,-0.326183651280033,12.6225400090635,42.5912041670915,258.780437026252,37.1803685713508,7.15369505735335,86514.0706108754,97799.9225748607,71520.0,,10.0,101.368812561035,135.224670410156,74.6803131103516,11.9694595336914,5.623,0.79
"Iran, Islamic Rep.",IRN,81.05807975824983,30.5941390387295,13.701007548158,47.9209340647566,43.8844674905013,37.2091421301924,4.44180865358672,3202.50003502169,15119.3058859964,15120.0,98.4457958164638,9.0,104.680130004883,85.1913986206055,55.6366691589355,22.6655006408691,9.687,0.59
Iraq,IRQ,20.714663395684408,0.574162679425795,22.5089088159129,22.3468589955872,57.742316395146,39.9040972152303,-12.0367930931152,4295.18945121228,10573.9304750715,10470.0,,6.0,,,,,15.766,0.41
Iceland,ISL,79.80678946278535,2.84792401518665,27.5550125083192,21.046340093825,68.6550233460548,20.4242530347691,-6.64587816297836,60127.9393575616,55796.7454667632,57640.0,,10.0,98.5561218261719,110.487319946289,74.5906066894531,16.7979698181152,5.478,0.75
Israel,ISR,90.93233883644888,-0.575254620897756,23.3727199721885,24.6898161307496,51.2366737920366,19.4382959029959,-2.02161548237589,44575.5719045492,40955.2856179152,40910.0,,15.0,96.3747634887695,96.1416931152344,56.4272193908691,14.5418701171875,4.169,0.73
Italy,ITA,96.1269106550618,-0.13770757391651,20.5680570300128,17.8986868297166,53.9394839042764,20.9642039077686,-8.86822122185345,32091.4866621366,44435.6434393527,45000.0,,12.0,102.636672973633,101.836128234863,68.7231063842773,7.78043985366821,9.192,0.73
Jamaica,JAM,32.527188361000015,5.2267777929352,,,,18.0639893861305,-8.30441923583135,5299.04530804283,9764.3525879784,9470.0,,6.0,90.9494400024414,81.5337816615681,,,6.501,0.53
Jordan,JOR,70.95522471902197,0.333294350628378,16.549956438323,21.4585413761158,66.0599488089059,23.5538100159112,-1.10275188309046,4022.0401356135,9579.20081317696,9550.0,,10.0,98.960533668868,90.1992992911958,30.2879665605319,11.9679813124184,19.213,0.55
Japan,JPN,97.8186187857858,-0.024995834027731,20.9756766472836,25.2240172261075,31.335208636773,29.0568076109153,-4.16876457146743,40028.7341726762,42425.6946789651,43980.0,,9.0,102.736831665039,102.844802856445,62.1358413696289,,2.809,0.8
Kazakhstan,KAZ,93.1529940774246,6.71815454861464,12.742044005777,28.8069153648376,57.0264423660931,33.0977971542858,-2.49999999628,8781.50797787648,29039.8229624509,26480.0,,9.0,98.9588592775913,91.9490206290752,62.2921373672319,17.9951649308539,4.89,0.63
Kenya,KEN,81.69558311060074,5.40516207933392,12.4776599686236,19.6515841707054,30.3991387830411,17.4002876322786,-0.272766327438816,1927.66459027849,4792.57315847182,4760.0,,12.0,91.9542486020668,,,17.764854770928,5.613,0.55
Kyrgyz Republic,KGZ,49.63715318655919,6.32542296338078,18.372283013954,25.0304913984711,78.9922784304738,26.9042468476068,-7.14897757727955,1229.51766602907,5178.5619670404,5020.0,,10.0,96.2103354796137,92.1655305586517,45.3327840830343,17.875129699707,5.945,0.6
Cambodia,KHM,19.1158760357082,2.9402951426397,5.42216584441989,31.351227539335,122.105396346568,37.4576122779361,-3.55572193406549,2081.73914242939,5942.45380373929,5750.0,94.3166118526169,,107.021018981934,51.8196983337402,13.8767573747135,11.0687719907488,0.172,0.49
Kiribati,KIR,13.842499246348728,2.5532455441463,54.5251989906961,14.6977990367426,78.4052134293582,9.86434176063188,-1.46805538131593,1751.78249168214,2710.90622817554,4630.0,,9.0,105.717202654416,,,20.1776085857994,,0.49
St. Kitts and Nevis,KNA,12.441480729185546,-1.16724501769353,,,,23.1359387242886,-15.3018891740649,18859.0190361046,27326.036057423,26610.0,,12.0,129.318854886476,111.195206559445,,9.61476515772656,,0.59
"Korea, Rep.",KOR,98.52135614894412,0.537288023411737,16.9828462110022,31.5248657192138,65.544957860621,33.3563261777639,-0.700242317542106,33645.7719545073,47881.4921344193,48280.0,,9.0,99.217903137207,97.0888214111328,96.8767700195312,,3.931,0.8
Kuwait,KWT,75.05126270651475,2.101729548274,30.1778042041291,18.6506487501557,82.0125101293052,48.4612101735294,-4.81731593381585,25236.0755848941,41461.7235642777,47570.0,99.3000030517578,9.0,81.3867938642424,,53.731878917367,12.4398016475616,3.489,0.56
Lao PDR,LAO,20.34444641645468,5.10407262959919,,,,32.4163678323352,0.503031829018681,2583.77730696131,7913.38660650276,7440.0,,9.0,100.27766790602,62.4493058083911,12.561911777868,10.6622210924187,2.349,0.46
Lebanon,LBN,30.43860529854452,84.8643330472041,9.13975488671309,8.09817736631194,50.1298042879627,6.63816639544826,-21.3998996914321,5561.19166950397,16259.7051312281,15740.0,,10.0,76.1016961624784,65.89697761206,51.5677337643942,9.89828549998226,13.252,0.52
Liberia,LBR,9.724174056340743,16.9557241496255,,,,16.8438326901547,-2.98249127649473,616.787867006715,1659.52109145991,1510.0,,6.0,72.4228278801865,37.7416801452637,,,4.102,0.32
Libya,LBY,28.780504218139697,1.44703656998741,48.3378160301237,9.44983047721509,50.9757934373319,15.9502036425113,-29.4552967282824,6650.33810585348,10954.799045265,11140.0,,9.0,,,,,19.651,
St. Lucia,LCA,10.955514594319494,-1.75580833517594,,,,12.6673649469867,-24.3614732129122,8411.07474936367,14912.159584235,14560.0,,10.0,98.4292526245117,88.7376327514648,16.8199691772461,14.3932695388794,25.224,0.6
Liechtenstein,LIE,35.15399622440156,,,,,40.3036198267405,,164671.093553454,,,,9.0,102.913627624512,120.228446960449,42.5986099243164,,,
Sri Lanka,LKA,58.64647306207936,6.15394508391738,10.3979083372906,32.8711231474519,37.089118857292,28.235832875126,-4.62451503749502,3847.60137695639,12940.9043295749,12590.0,98.8600006103516,11.0,95.2338733103182,,20.1614879343022,5.46859160083623,5.364,0.6
Lesotho,LSO,9.07911844353884,4.97809676252309,37.1352943243696,26.2646701221778,141.096605062998,31.0792075147298,-8.15595785459911,918.582574704447,2559.09776077846,3040.0,,7.0,87.7447358699667,,,,18.385,0.4
Lithuania,LTU,97.9274556674032,1.19989444983569,18.3605454231444,16.5198227850463,135.796565563519,24.7876900738526,0.0428158336981426,20428.6478157394,41262.7276941725,40160.0,,11.0,103.468246459961,105.987487792969,69.1454772949219,10.7690496444702,8.487,0.71
Luxembourg,LUX,97.4100931507712,0.819957302127036,18.4796236594474,17.9294900539992,375.581396376432,11.3427753359144,-0.510051634039826,116860.02817236,122066.739147202,84630.0,,12.0,98.6442489624023,107.078948974609,19.961389541626,8.19499015808105,6.766,0.69
Latvia,LVA,97.2805269516682,0.219064904842156,20.8896933172828,22.1554259223647,123.88319804656,20.3341837659978,-3.46922750780554,17564.2321549354,32741.4207691987,32760.0,,11.0,99.8328475952148,105.956283569336,94.5108337402344,11.7195196151733,8.098,0.71
Morocco,MAR,82.40789551997304,0.705968661338261,19.4049859563358,28.7769734233308,68.8438033904364,26.0436433872433,-7.17820744246774,3268.0302734375,7704.84912109375,7630.0,,9.0,112.354037460932,80.3087996541375,39.6858047574445,24.1580939880119,11.189,0.5
Monaco,MCO,72.56989016998985,,,,,14.8961444474613,-13.2391048292108,176891.886538492,,,,11.0,,,,,,
Moldova,MDA,75.77910085154025,3.76597122245351,17.1942044345322,23.8644443526077,79.265722119158,23.1345230028419,-8.27597831976949,4375.7788930524,13527.4413130967,13990.0,,13.0,106.519975508955,96.1733374702658,56.2498196612517,17.9937705993652,1.206,0.58
Madagascar,MDG,23.32595571849347,4.20179312190557,18.7239712521771,17.7153251099228,49.0107073664371,19.4661871058768,-7.13767162064489,450.771615201509,1490.32312837866,1450.0,,5.0,126.585803806645,,5.17336117275841,,3.292,0.39
Maldives,MDV,2.948226659559637,-1.36977425569811,22.9707228266051,35.5119966004124,114.361902904327,12.5605138294635,-32.9088287752921,7393.8886543933,13425.3674459601,12320.0,,7.0,97.1784452967759,69.8982015609094,27.0805812417437,10.5050409732546,5.42,
Mexico,MEX,81.68209356072518,3.39683415570006,12.1968302781894,20.2366593506907,76.8545557056016,30.9999803907609,-8.35403458167995,8841.27075039868,19354.1248706244,18730.0,99.0800018310547,14.0,104.517730712891,102.58154296875,45.1654510498047,16.1958599090576,4.44,0.61
Marshall Islands,MHL,4.901640394941037,,61.3466501240695,20.6942928039702,107.825971877585,13.3453680727874,-2.77288732394366,5661.96787336674,6136.97119702131,7290.0,,13.0,108.448888114364,92.9692493302926,,19.3691905422672,,0.42
North Macedonia,MKD,89.92061027270192,1.20007348888487,16.7387341620846,29.9173738943342,128.241244322257,22.7433958881186,-4.68845000956652,6659.59651070776,19962.1482468276,19210.0,,13.0,93.4353332519531,82.4416732788086,43.782169342041,,16.575,0.56
Mali,MLI,10.14467669101046,0.438088940320669,12.2677294788011,20.6517365321331,56.0415474422019,26.7389536942111,-1.16910834828603,953.242943290974,2723.70094784441,2630.0,53.35,9.0,,,,15.1426095962524,3.528,0.32
Malta,MLT,83.6477478904534,0.638544956776712,19.6916334859235,20.1169020286086,242.361190735857,12.2128636754004,-3.45728276294712,31823.4363934505,49971.8784010216,42430.0,,11.0,96.802490234375,102.924011230469,62.8752517700195,,4.856,0.71
Myanmar,MMR,36.41282671358321,,,,,37.5439155484288,-9.04834717984643,1490.21683599469,5740.99045843992,5630.0,96.3616999952531,5.0,,,,,1.476,0.48
Montenegro,MNE,53.23470243537223,-0.255655699848551,23.6719174909554,30.0875172767022,87.8612027134909,17.6118147973713,-14.9926187023533,7538.53635992191,20624.7838079303,20960.0,,9.0,103.846572875977,92.3578720092773,58.0944709777832,,17.878,0.63
Mongolia,MNG,26.203541264247548,3.7237230614026,15.8102434127387,22.3835976647751,112.838647629317,37.0496708511527,-4.55775197583431,4001.25193077703,13693.179806943,12400.0,99.0699996948242,12.0,92.3464601580662,95.3826370696027,66.2557467107749,8.63527875814548,6.413,0.61
Mozambique,MOZ,24.18137645997864,3.48393567493204,20.6358423037231,44.8266764679686,99.906146051979,21.7539907155538,-1.21952250011192,462.433876479921,1411.62040229911,1380.0,70.0800018310547,,118.980061431837,,,17.9349282180825,5.019,0.36
Mauritania,MRT,18.94026269159246,2.3856948845632,12.2964872619914,38.6593231676652,86.7761681322741,33.6465387739026,-0.360657384151068,1795.76459566714,5740.73959690129,5670.0,70.8600006103516,9.0,93.8044664780786,36.0277030077074,5.97194330025359,9.72708988189697,11.051,0.38
Mauritius,MUS,96.89256971365506,2.5808007718283,17.3284024513779,17.9660771142475,121.12522550435,16.4140798213984,-14.5465381490166,9135.84773751062,21621.5971225158,23500.0,,11.0,95.0063902545739,89.5019998431496,42.5378418595105,15.6466999053955,8.626,0.62
Malawi,MWI,36.82955060704771,8.62551469650552,20.9426048830886,16.7106351396417,41.0323429397328,19.0817402966585,0.793596429787286,602.507478176106,1513.45990803344,1470.0,80.7300033569336,8.0,136.43618677975,41.4565075090498,2.40217380732134,20.1574484055989,5.72,0.41
Malaysia,MYS,98.06130127925962,-1.1387021539305,12.9622736088155,19.6580082281542,116.788182437638,35.9347266201835,-5.45684658426701,9957.52626697613,27474.7361378236,26920.0,,6.0,93.1800129351047,73.2459411621094,39.7445667367633,15.6218795776367,4.54,0.61
Namibia,NAM,11.474814695402356,2.20938236933469,26.4760046729225,13.9292034235476,76.9252424036465,25.8187349480714,-8.10140201443319,3878.58982993966,9354.13136713077,9320.0,,7.0,122.345254349927,82.8872992484077,25.9870484145026,24.9413806405673,21.003,0.45
Niger,NER,11.36098387100601,2.8981937602627,15.7621549642209,28.4897323087862,35.5129906570841,20.2387849491464,3.55064109436891,579.512495758236,1496.83350023022,1430.0,,,,,,13.3325398458385,0.591,0.32
Nigeria,NGA,84.75749737168422,13.2460234276597,,,,18.3649963095652,-6.36889840510109,2797.18458068686,7414.7749554048,7360.0,,9.0,84.371583976485,44.1220893859863,,5.13143662120452,5.714,0.36
Nicaragua,NIC,9.000721369241944,3.68181341625572,15.0817033768448,20.3366366143416,88.6381231228968,25.7903211218917,-2.23654176262323,1938.44704754382,6274.09456741388,5880.0,,7.0,,,,22.6876474159501,6.18,0.51
Netherlands,NLD,97.04590219056718,1.27246037789161,25.419278032195,21.3519779830807,152.233230409706,17.3794770859182,-3.86795333823223,53467.9277413737,62596.6302027524,60640.0,,13.0,104.338813781738,136.284164428711,85.3370819091797,11.0668096542358,3.82,0.79
Norway,NOR,96.88733806657194,1.28658490708005,26.1340574738378,31.3521157276673,65.3539790413323,26.8831673443447,-1.27817177234034,68340.0181033702,67110.6045705502,69890.0,,10.0,98.8857498168945,119.941543579102,87.1685333251953,14.7642698287964,4.424,0.77
Nepal,NPL,44.991709114810014,5.05635826238499,9.06773207203869,30.4402815098213,40.9188741243442,12.047319925355,-2.3696206292072,1154.21517578318,4235.57462326905,4290.0,,9.0,121.90357208252,85.3101577758789,14.2002391888535,15.0051253828918,13.037,0.5
Nauru,NRU,21.4240138179742,,,,134.980107526882,,1.57480314960559,10709.068810538,10810.9461002401,16250.0,,14.0,102.257713317871,80.2433776855469,,4.53653078876592,,0.51
New Zealand,NZL,84.03876994887852,1.71456170007245,20.4371940676521,23.1117429315929,43.9772422862431,19.977838930424,-0.307246896026541,41997.7830324279,45513.3123768343,44620.0,,10.0,97.5365295410156,116.893188476562,75.7348327636719,13.6221199035644,4.595,0.78
Oman,OMN,96.04154533464563,-0.40640291946585,26.0658781931806,27.6206693345028,91.8758908014472,47.1477222892227,-3.37972052697999,16784.8630630058,35163.3281781415,32740.0,99.6800003051758,10.0,90.636727982112,94.5432460924967,48.3754397440909,15.4427700042725,2.94,0.61
Pakistan,PAK,64.87513741811078,9.73999313898155,11.7888005549132,14.8155399944077,26.7162807328814,18.5894635445816,-1.27408744338709,1278.39735206896,5048.0213062963,4960.0,,12.0,,,11.7245978752314,10.7962121538911,5.994,0.41
Panama,PAN,34.10954236299384,-1.5502754080376,14.7376302795166,23.9546077936228,68.7004234799646,23.4387808011432,-17.8212299459324,13290.5608397749,27017.0033790906,26190.0,,11.0,95.2048771264878,,44.9372948646286,15.6296300888062,14.663,0.5
Peru,PER,55.6749943038354,2.00241205759292,15.8181030380089,18.1912588877919,44.245967197744,30.3192857092121,-10.9333065010382,6133.32552410183,12563.3038060893,12230.0,99.4400024414062,14.0,113.065826416016,100.138702392578,,15.9272603988647,7.179,0.61
Philippines,PHL,76.99586780527996,2.3931623931624,15.2614545873485,17.4333790282876,58.1695603022281,28.3999175850521,-9.51829474045297,3227.57910235199,8238.36802037457,8860.0,99.2200012207031,13.0,93.2822386485839,87.9419879481158,31.6317598507085,16.8932648780488,2.522,0.52
Papua New Guinea,PNG,26.329319342897463,4.87167398565555,,,,33.0470837551076,-3.16743204434815,2429.61134585269,3899.57719236851,3780.0,,,102.053543720153,44.5528199220061,,3.82002082710411,2.903,0.43
Poland,POL,93.85606640487646,3.37446972618589,18.8371621590167,18.8394051569485,99.2590912303436,28.5669486213815,-2.03556882399977,16150.9304813473,37089.3004256812,35720.0,,9.0,82.211540222168,112.576263427734,70.9730377197266,10.0572299957275,3.155,0.75
"Korea, Dem. People's Rep.",PRK,1.347571154447661,,,,,,,,,,,12.0,,,,14.171383954714,3.624,
Portugal,PRT,97.32468190071596,-0.0124383299575305,18.9224290644649,19.4185791809348,76.5086407209215,19.3945333422241,-8.20463159324387,22299.4044062173,35966.712796561,35450.0,,12.0,105.753471374512,118.68286895752,68.1568908691406,9.90470027923584,6.85,0.77
Paraguay,PRY,57.085346868909,1.76751592356698,12.6444728382554,20.0414603496263,62.7602174748575,34.2042992219391,-0.819785390945569,5365.47220721104,14308.8787738305,13820.0,98.6399993896484,13.0,90.8342908567893,85.6669309236136,,24.5218200683594,7.548,0.53
West Bank and Gaza,PSE,25.182271353993617,-0.735332001092191,23.4333653109447,24.3038431079663,67.2881912475775,17.0283999819724,-11.3184661065134,3233.56863835858,5956.28620064819,6910.0,99.2300033569336,10.0,94.653084809438,90.2544056722155,45.3895360497376,,25.895,0.58
Qatar,QAT,94.5029144720037,-2.5403150300476,21.9553255158297,43.8491508547382,90.0189857283633,52.3332661159918,-3.55750284254954,51683.5681078949,82149.4569875883,80420.0,,9.0,100.984972771335,105.869328366077,23.7649212314763,9.31910991668701,0.14,0.64
Romania,ROU,76.2945552843155,2.63107311184743,18.8744011544391,24.3319634913981,78.3616463562709,26.6218787803176,-3.59802546034757,13009.1770573223,34193.8374521868,33820.0,,10.0,91.9047393798828,86.416877746582,53.4911117553711,9.39970016479492,5.035,0.58
Russian Federation,RUS,98.06130127925962,3.38219796948068,19.9710007886076,23.4558291480158,45.9669082029127,29.7171245814295,-2.65365450102773,10108.3271484375,31490.8046875,30750.0,,11.0,101.731047648404,91.5812884026933,57.2232854739754,,5.62,0.68
Rwanda,RWA,79.95173163684525,9.85039902274207,16.383453875618,23.7346563348968,55.1879515519855,18.6382750394843,-3.37368746369782,778.701498925026,2284.89889795328,2230.0,91.5100021362305,6.0,,,7.56709586345553,10.7835245127746,11.829,0.38
Saudi Arabia,SAU,99.5399451303155,3.37234961012303,27.3711142062152,23.3158218039549,47.533159225048,38.3004545080469,-3.80478901996312,24338.8307301067,47518.4877485153,48210.0,99.5,9.0,103.151902576284,104.411027399625,73.7510866368859,,7.66,0.58
Sudan,SDN,35.03097739898304,163.257782355458,14.44544106941,5.78653523341068,9.95514507626151,23.3281861554993,-3.62980082410752,577.795227050781,3348.57836914063,3170.0,,8.0,,,,,11.995,0.38
Senegal,SEN,35.85327076676427,2.54314685681662,14.2802395565824,35.632965093467,60.0468716137065,23.2090411645804,1.3420737726679,1461.08720350553,3752.91947490817,3690.0,,11.0,84.9031291477371,44.7866297761573,13.3136624860931,19.3413906097412,3.432,0.42
Singapore,SGP,98.52135614894412,-0.172111865925382,12.2619659464446,22.8053955630909,332.040805481913,23.24167197361,-3.81470885510713,61410.0792630788,101518.31798444,88500.0,99.7300033569336,6.0,100.53590938338,103.115839213946,93.134767179468,19.1947708129883,4.1,0.88
Solomon Islands,SLB,7.07677787025566,2.96354992076065,25.1217879464616,16.7238165802949,60.2204365577573,17.2452174164661,-3.38125925839405,2063.32780991967,2405.31509364704,2460.0,,,89.6007986762942,,,30.49439159198,0.868,0.42
Sierra Leone,SLE,25.314660930577496,13.4468711101052,7.75670885304487,15.3412107315104,30.6131009514507,17.6375324601029,-1.2533490322766,845.277557920549,2719.07286815807,2710.0,,9.0,142.792124647639,62.5606803894043,,34.2400016784668,3.509,0.36
El Salvador,SLV,13.298676914923025,-0.371590212324095,19.6968523573714,17.2116179042815,66.4595069497083,23.7247499015898,-7.893101359867,3997.19279583709,9392.68913817943,8870.0,98.5199966430664,15.0,90.6579425663395,65.1837191291627,30.9986370324013,11.194299697876,5.008,0.55
San Marino,SMR,13.831603116579876,-0.133368898372915,21.6198092800334,18.05086817635,304.903167579063,35.6149220680825,-6.64791081780605,44326.9556746411,55206.5812324405,49830.0,,10.0,94.4051825677267,61.8604651162791,55.0960978450786,5.789347375,,
Somalia,SOM,17.253386699898535,,6.89615206305053,16.006026889198,75.6954102920723,,-2.76455696202532,518.16113333875,1454.26711848855,1450.0,,,,,,2.99771462084585,19.414,
Serbia,SRB,89.80310931576227,1.57553290083415,19.3837021106122,24.0974936172696,100.324460810129,24.2814549023693,-0.950023991851594,8098.70955668849,21013.0512590365,20400.0,,8.0,97.7058486938477,92.2411727905273,68.1431121826172,,9.011,0.68
South Sudan,SSD,5.753726964669,29.6758435538572,,,,,,,,,,8.0,,,,,14.246,0.31
Sao Tome and Principe,STP,15.63854845850318,9.81932791540146,,,,6.0588366873729,2.62485949543812,2167.22001796925,5144.53560286014,5200.0,,6.0,,,,16.1259357979116,9.679,
Suriname,SUR,31.201211851398043,34.889784309078,,,,36.5606718418582,-15.9751917148622,4755.39221710693,16946.8942361914,15030.0,,6.0,102.277236938477,73.11669921875,5.30574712643678,13.9423454559736,8.973,
Slovak Republic,SVK,92.35633895456051,1.93694126694223,20.7560453692276,20.2268098788151,167.534173320366,28.5377275498817,-2.58551241733207,19735.4858280801,35327.9439165588,35000.0,,10.0,99.9172286987305,90.813346862793,48.3790016174316,10.6499395370483,6.719,0.66
Slovenia,SVN,74.92594606395419,-0.05485681576061,20.7447344651164,20.1896719461532,147.549008584942,28.9448814140077,-4.08500094942896,25392.0651093612,41767.2579899957,41690.0,,9.0,100.231536865234,110.359169006348,75.8166809082031,10.4621200561523,4.971,0.77
Sweden,SWE,94.5877695307036,0.497367318853572,26.5741578401929,24.4207542408468,84.4745958141618,21.8184248297627,-1.93379704032216,52568.5726980146,57489.2657196219,59540.0,,10.0,119.500106811523,136.426132202148,79.1196365356445,15.3117399215698,8.291,0.8
Eswatini,SWZ,18.230235888384385,,25.2347332939379,15.2902282173586,84.0140188426878,31.4449555517552,-2.95183453409287,3466.56936278145,9329.30453360939,8460.0,,7.0,,,,15.8905396021243,32.978,0.37
Seychelles,SYC,13.233543959337398,1.20266463987123,26.3767644643015,21.3213198960022,153.48333156592,14.271545381162,-11.7398608281732,14041.4754074575,31055.9442055039,29950.0,,11.0,114.153661464586,102.18818380744,26.934264107039,9.16800507042633,,0.63
Syrian Arab Republic,SYR,22.14212346754856,,10.6812655408486,,44.818335302748,21.0904043401274,-0.697154504235129,572.355289831901,3737.65751831376,3580.0,,9.0,70.3771514892578,39.0727806091309,,,15.179,
Chad,TCD,40.44057988752824,4.46414437232861,9.63713677698176,22.7874455493419,40.6428170621932,23.903002699075,-0.393646583111035,866.947814890409,2185.99034173537,2160.0,,10.0,,,4.39665967267065,11.6715060004173,1.695,0.3
Togo,TGO,33.190200848337504,1.69928463299399,13.6268683907906,19.8105297114895,55.0659513954403,20.0749387018129,2.16228657424364,863.468665870276,2384.06645451827,2400.0,,10.0,119.266830948762,,14.9029897765252,18.1434528739699,2.231,0.43
Thailand,THA,86.49882855017196,-0.845937147357041,17.7948874074302,23.7553851722696,97.8007432465178,33.2907229678575,-6.05003846851622,6985.64393892574,19163.7415152349,18740.0,,9.0,103.859900460568,82.3668560969625,42.5900878816865,15.431959375,1.099,0.61
Tajikistan,TJK,17.099251748330467,,11.5680045927562,33.4749512555638,55.7491040194954,33.7965394725715,4.40000111553493,834.311715460625,3653.95976759112,4270.0,,9.0,100.404687742152,90.9012072790342,34.6676458195911,17.2974230795463,7.576,0.5
Turkmenistan,TKM,14.479243750138837,,12.174441735313,,35.9365938526967,37.3826880265398,5.900000048526,5972.72356566861,15090.9394971778,15010.0,,12.0,100.048094898202,86.8120225282998,12.4085702576356,27.9983997344971,4.489,
Timor-Leste,TLS,4.25925925925926,0.495499215459571,44.4784602451638,16.4657019820047,84.7503102509987,36.7520096715526,31.7257429812373,1630.86938521256,6132.08299806495,6720.0,,9.0,110.606703667428,84.7410404382553,,6.95663710899488,2.808,0.45
Tonga,TON,20.952153802397568,-0.349737696727418,22.1054859867712,24.5728729162426,81.8494988890262,14.7467498085241,1.80618735341196,4792.35854741522,6675.6030498711,7150.0,,15.0,112.25483743583,90.4639980016237,21.2782986508118,10.7315486486999,2.712,0.53
Trinidad and Tobago,TTO,22.18029642416973,0.598986330824643,,20.515037518445,,31.1526187371636,-8.78879817831519,15283.6270531554,26731.3556410029,25380.0,,7.0,,,,11.7162704467773,4.206,0.6
Tunisia,TUN,86.22721978256425,5.63415115897625,21.6353520147345,12.6882289097848,84.3333297071767,21.5120069019708,-8.97512622934723,3548.65363663803,11918.066205483,11530.0,,9.0,103.975509643555,,32.5181999206543,20.8134754153382,17.651,0.52
Turkiye,TUR,97.50276716757271,12.2789574462574,15.0319947560781,34.1540560799477,60.389853117297,27.7974533640579,1.80306247087255,8798.11791709313,29209.3308866883,28870.0,,12.0,103.296417236328,112.527458190918,118.883682250977,11.6336297988892,13.148,0.65
Tuvalu,TUV,5.78289442039442,,,,,,-4.27493206901397,4976.11254109571,5122.19827984698,6970.0,,9.0,102.034664657121,77.0771513353116,,11.0038506340268,,0.45
Tanzania,TZA,90.58012814225316,3.29029062798325,7.69958423897104,38.7464874924603,27.9630151969884,27.0844502877132,1.99196460647855,1117.41528320313,3290.60986328125,3230.0,87.548390753389,7.0,98.5753622403869,30.9205938581875,7.18188265775187,13.6285579909749,1.792,0.39
Uganda,UGA,69.98104463211652,3.31332289544502,9.51141446504173,24.2159505553913,37.0006923916369,26.4905245869762,2.95130642218098,845.766463890124,2532.21950102069,2480.0,,7.0,,,,8.52880465495882,3.819,0.38
Ukraine,UKR,65.92918373376024,2.73249209419427,19.2950967142315,8.93229932738453,79.1564523761815,20.7999429657705,-3.75281793983162,3709.76928710938,15541.02734375,15880.0,,11.0,91.1122134493007,84.4283338575221,82.1345992180731,11.803279876709,9.475,0.63
Uruguay,URY,75.1540315381022,9.75640636078194,18.0526209986761,16.2336764872534,47.7318733182088,16.9555909661564,-7.35732706484723,15757.5355995779,25725.258216942,24340.0,99.0304333878448,14.0,105.236604559537,116.991828918457,64.9332150107214,13.8722496032715,10.413,0.6
United States,USA,100.0,1.23358439630629,15.0912418134706,21.7174460747964,23.4015629969394,17.5084284843618,-2.16302914036166,63515.9491807833,64401.5074354209,65040.0,,12.0,100.305793762207,100.509819030762,87.5676574707031,12.1537599563599,8.055,0.7
Uzbekistan,UZB,71.11309259578664,12.8677297362606,14.6422818278123,37.5933580339099,56.0515308349971,32.0252433250071,1.56334277260515,1978.28051860763,8451.72505108114,8470.0,,12.0,98.615310525126,90.0642970154019,15.9720957084892,17.0601902008057,5.293,0.62
Holy See (Vatican City State),VAT,0.0,,,,,,,,,,,,,,,,,
St. Vincent and the Grenadines,VCT,12.179874885310843,-0.628131309354654,,,,12.5582072800332,-4.26892434422649,8351.20324040982,15336.5987771764,15200.0,,12.0,,,,13.0,20.635,0.53
"Venezuela, RB",VEN,27.058049400973683,,,9.20648260090937,26.0912344958707,,-29.9985699155957,1506.0436210041,,,,17.0,,,,,7.53,
Viet Nam,VNM,94.55164012069136,3.22093436652514,9.47881328344632,31.915688393806,163.245862814935,36.7437132938801,2.86541320912272,3534.03953482647,11609.3177276423,11110.0,98.1999969482422,10.0,102.847744602601,93.1921389514105,,14.4718812047317,2.103,0.69
Vanuatu,VUT,12.884449837007612,5.32935073101715,23.4063033098571,33.2424782471957,69.9148948336494,10.2793317386042,-4.99249142889525,3042.98711598286,3117.64425292038,3470.0,88.6593388051641,,125.124809265137,59.1688003540039,,5.0110502243042,4.046,0.45
Samoa,WSM,29.32689188139521,-1.56891247740895,14.643347623337,33.1905048673993,77.4848006217247,11.1225478907802,-3.10864485863991,4099.59660548583,6450.75201183405,6250.0,,8.0,101.994834813153,,17.3303454643177,12.8119491996529,7.467,0.55
"Yemen, Rep.",YEM,0.0,,,,,,,,,,,9.0,,,,,17.963,0.37
South Africa,ZAF,78.46293525391707,3.23238831615113,20.6203398698938,12.3455441478462,50.7596590804177,23.3394384079582,-6.1689177146757,5580.60383075189,12671.0862436851,12460.0,,9.0,101.300342707463,103.501178102472,22.6148742572009,19.6557006835938,29.217,0.43
Zambia,ZMB,68.87660672544338,15.7330604721369,14.6896417176015,32.2448509806584,79.2068494095955,40.1976896628281,-2.78505506545167,951.644316655957,3157.30009311643,3070.0,85.8567532849787,7.0,,,,12.3780247373065,6.032,0.4
Zimbabwe,ZWE,36.49290431057565,557.201817362051,7.53056464790837,11.2139243786572,40.1784062234355,40.4336448935323,-7.81695060188729,2059.67445384499,4178.58557943828,4120.0,,7.0,93.6125855639325,,,15.6666108638886,8.617,0.47
