Country,c_code,model,y_true,y_pred,residual,abs_error,income_group
Burkina Faso,BFA,Linear Regression,39.9832384132157,10.256068177880103,29.7271702353356,29.7271702353356,Low income
Belarus,BLR,Linear Regression,50.56683763244383,85.92314442331002,-35.35630679086619,35.35630679086619,Upper middle income
United Kingdom,GBR,Linear Regression,99.5399451303155,94.05513492863764,5.48481020167786,5.48481020167786,High income
Malawi,MWI,Linear Regression,36.82955060704771,18.048932226938568,18.78061838010914,18.78061838010914,Low income
Ghana,GHA,Linear Regression,86.68728117435491,49.312955021352494,37.374326153002414,37.374326153002414,Lower middle income
Ecuador,ECU,Linear Regression,26.298061330912244,59.27914704985683,-32.981085718944584,32.981085718944584,Upper middle income
Germany,DEU,Linear Regression,97.4100931507712,92.71643941592548,4.693653734845725,4.693653734845725,High income
Bangladesh,BGD,Linear Regression,81.27036583031082,66.9635067616452,14.306859068665617,14.306859068665617,Lower middle income
Mongolia,MNG,Linear Regression,26.203541264247548,60.56003241144645,-34.3564911471989,34.3564911471989,Lower middle income
Madagascar,MDG,Linear Regression,23.32595571849347,18.41070844588701,4.915247272606461,4.915247272606461,Low income
Sierra Leone,SLE,Linear Regression,25.314660930577496,37.89669450691335,-12.582033576335853,12.582033576335853,Low income
Ireland,IRL,Linear Regression,85.85878880707858,104.94754222951632,-19.088753422437733,19.088753422437733,High income
Panama,PAN,Linear Regression,34.10954236299384,51.53617144724009,-17.42662908424625,17.42662908424625,Upper middle income
Ethiopia,ETH,Linear Regression,27.742517304576413,44.522175012798684,-16.77965770822227,16.77965770822227,Low income
South Africa,ZAF,Linear Regression,78.46293525391707,29.13923781187888,49.32369744203819,49.32369744203819,Upper middle income
Guinea,GIN,Linear Regression,20.525536809173424,21.47149716877791,-0.9459603596044843,0.9459603596044843,Low income
Hungary,HUN,Linear Regression,91.2753036075304,69.33993733339045,21.93536627413995,21.93536627413995,High income
Botswana,BWA,Linear Regression,53.05608520296072,16.678274549561337,36.377810653399386,36.377810653399386,Upper middle income
Libya,LBY,Linear Regression,28.780504218139697,29.518472499273813,-0.7379682811341155,0.7379682811341155,Upper middle income
Poland,POL,Linear Regression,93.85606640487646,86.64200899437076,7.214057410505703,7.214057410505703,High income
Malta,MLT,Linear Regression,83.6477478904534,73.07759808023668,10.57014981021672,10.57014981021672,High income
Trinidad and Tobago,TTO,Linear Regression,22.18029642416973,68.95478494172741,-46.774488517557685,46.774488517557685,High income
Greece,GRC,Linear Regression,93.9826919455881,67.76556879030223,26.217123155285876,26.217123155285876,High income
Uruguay,URY,Linear Regression,75.1540315381022,69.47645311150883,5.677578426593371,5.677578426593371,High income
Luxembourg,LUX,Linear Regression,97.4100931507712,67.74344350949048,29.666649641280728,29.666649641280728,High income
Latvia,LVA,Linear Regression,97.2805269516682,76.58107428233872,20.699452669329474,20.699452669329474,High income
Niger,NER,Linear Regression,11.36098387100601,19.718450131078285,-8.357466260072275,8.357466260072275,Low income
Fiji,FJI,Linear Regression,29.075341651133897,41.17269569086727,-12.097354039733375,12.097354039733375,Upper middle income
Maldives,MDV,Linear Regression,2.948226659559637,39.837003731788045,-36.88877707222841,36.88877707222841,Upper middle income
India,IND,Linear Regression,97.49450579769008,54.63742700701593,42.85707879067415,42.85707879067415,Lower middle income
Equatorial Guinea,GNQ,Linear Regression,1.4600374400603742,48.73362897515675,-47.27359153509637,47.27359153509637,Upper middle income
Syrian Arab Republic,SYR,Linear Regression,22.14212346754856,27.004154715751678,-4.862031248203117,4.862031248203117,Low income
Kenya,KEN,Linear Regression,81.69558311060074,49.076448395093536,32.6191347155072,32.6191347155072,Lower middle income
France,FRA,Linear Regression,97.60198444858491,89.29168678624717,8.310297662337746,8.310297662337746,High income
North Macedonia,MKD,Linear Regression,89.92061027270192,49.28092290307031,40.63968736963161,40.63968736963161,Upper middle income
Kuwait,KWT,Linear Regression,75.05126270651475,61.695811580166975,13.355451126347774,13.355451126347774,High income
Jordan,JOR,Linear Regression,70.95522471902197,46.35450576849398,24.60071895052799,24.60071895052799,Upper middle income
Guinea-Bissau,GNB,Linear Regression,9.848674476677724,41.25060433796116,-31.401929861283435,31.401929861283435,Low income
"Congo, Dem. Rep.",COD,Linear Regression,5.296650994351706,13.722565947129617,-8.42591495277791,8.42591495277791,Low income
Qatar,QAT,Linear Regression,94.5029144720037,71.49782436586604,23.005090106137658,23.005090106137658,High income
Pakistan,PAK,Linear Regression,64.87513741811078,44.17970805952174,20.695429358589045,20.695429358589045,Lower middle income
Seychelles,SYC,Linear Regression,13.233543959337398,59.09191087576185,-45.85836691642445,45.85836691642445,High income
Kazakhstan,KAZ,Linear Regression,93.1529940774246,87.23923472005464,5.913759357369955,5.913759357369955,Upper middle income
Marshall Islands,MHL,Linear Regression,4.901640394941037,-1.6123684246414598,6.514008819582497,6.514008819582497,Upper middle income
Djibouti,DJI,Linear Regression,1.727957760407723,26.78177281542172,-25.053815055014,25.053815055014,Lower middle income
Ukraine,UKR,Linear Regression,65.92918373376024,62.252100288218166,3.677083445542074,3.677083445542074,Lower middle income
Indonesia,IDN,Linear Regression,94.88161470716162,70.1712331907561,24.71038151640552,24.71038151640552,Lower middle income
San Marino,SMR,Linear Regression,13.831603116579876,61.160143292874274,-47.328540176294396,47.328540176294396,High income
Lesotho,LSO,Linear Regression,9.07911844353884,-4.011209818539626,13.090328262078467,13.090328262078467,Lower middle income
Kyrgyz Republic,KGZ,Linear Regression,49.63715318655919,47.23704906268415,2.400104123875039,2.400104123875039,Lower middle income
"Gambia, The",GMB,Linear Regression,32.12214021964833,39.519336271495106,-7.397196051846777,7.397196051846777,Low income
Costa Rica,CRI,Linear Regression,67.45223272636754,62.57703159667753,4.875201129690012,4.875201129690012,Upper middle income
Sri Lanka,LKA,Linear Regression,58.64647306207936,83.0755945883846,-24.429121526305245,24.429121526305245,Lower middle income
Colombia,COL,Linear Regression,63.72467605918338,64.64050166187904,-0.9158256026956622,0.9158256026956622,Upper middle income
Israel,ISR,Linear Regression,90.93233883644888,78.43261340577862,12.499725430670253,12.499725430670253,High income
Turkmenistan,TKM,Linear Regression,14.479243750138837,64.61371950333013,-50.134475753191296,50.134475753191296,Upper middle income
Dominica,DMA,Linear Regression,4.200134446009717,50.62893227913362,-46.4287978331239,46.4287978331239,Upper middle income
Morocco,MAR,Linear Regression,82.40789551997304,33.197644402175584,49.210251117797455,49.210251117797455,Lower middle income
Namibia,NAM,Linear Regression,11.474814695402356,25.756175102368317,-14.28136040696596,14.28136040696596,Upper middle income
St. Lucia,LCA,Linear Regression,10.955514594319494,48.92145877846489,-37.96594418414539,37.96594418414539,Upper middle income
Japan,JPN,Linear Regression,97.8186187857858,110.59854019732735,-12.779921411541551,12.779921411541551,High income
New Zealand,NZL,Linear Regression,84.03876994887852,100.06840275121061,-16.029632802332088,16.029632802332088,High income
Thailand,THA,Linear Regression,86.49882855017196,66.35875657296805,20.140071977203917,20.140071977203917,Upper middle income
"Congo, Rep.",COG,Linear Regression,14.717671729517086,24.054303241019355,-9.336631511502269,9.336631511502269,Lower middle income
Papua New Guinea,PNG,Linear Regression,26.329319342897463,40.701286089681176,-14.371966746783713,14.371966746783713,Lower middle income
Iceland,ISL,Linear Regression,79.80678946278535,90.51879644845553,-10.712006985670186,10.712006985670186,High income
Chad,TCD,Linear Regression,40.44057988752824,23.832413039806223,16.608166847722014,16.608166847722014,Low income
Georgia,GEO,Linear Regression,81.06505790050059,58.66235600051137,22.402701899989218,22.402701899989218,Upper middle income
Benin,BEN,Linear Regression,80.0641298788483,32.386385970505906,47.6777439083424,47.6777439083424,Lower middle income
Italy,ITA,Linear Regression,96.1269106550618,86.65030173566332,9.476608919398487,9.476608919398487,High income
Solomon Islands,SLB,Linear Regression,7.07677787025566,17.51125588489466,-10.434478014638998,10.434478014638998,Lower middle income
Canada,CAN,Linear Regression,97.67387780428948,95.57130011573759,2.1025776885518894,2.1025776885518894,High income
Iraq,IRQ,Linear Regression,20.714663395684408,32.23169030692162,-11.517026911237213,11.517026911237213,Upper middle income
Lithuania,LTU,Linear Regression,97.9274556674032,77.00536564805009,20.922090019353107,20.922090019353107,High income
Oman,OMN,Linear Regression,96.04154533464563,63.58393311449076,32.45761222015487,32.45761222015487,High income
"Korea, Rep.",KOR,Linear Regression,98.52135614894412,109.56233182208265,-11.040975673138533,11.040975673138533,High income
Netherlands,NLD,Linear Regression,97.04590219056718,88.90947519969211,8.136426990875066,8.136426990875066,High income
"Micronesia, Fed. Sts.",FSM,Linear Regression,0.0,31.704878841641854,-31.704878841641854,31.704878841641854,Lower middle income
Burundi,BDI,Linear Regression,1.727957760407723,8.809225472442108,-7.081267712034386,7.081267712034386,Low income
Romania,ROU,Linear Regression,76.2945552843155,70.18398812582736,6.110567158488152,6.110567158488152,Upper middle income
Barbados,BRB,Linear Regression,16.894020320517903,61.528395589807246,-44.63437526928934,44.63437526928934,High income
Jamaica,JAM,Linear Regression,32.527188361000015,52.83303118438545,-20.305842823385433,20.305842823385433,Upper middle income
Lao PDR,LAO,Linear Regression,20.34444641645468,47.059362658862206,-26.714916242407526,26.714916242407526,Lower middle income
Australia,AUS,Linear Regression,97.4674007977187,97.46372707030636,0.0036737274123339603,0.0036737274123339603,High income
Cameroon,CMR,Linear Regression,45.62663968029979,42.506572682845075,3.120066997454714,3.120066997454714,Lower middle income
Liberia,LBR,Linear Regression,9.724174056340743,7.305811888188039,2.4183621681527043,2.4183621681527043,Low income
"Bahamas, The",BHS,Linear Regression,13.366881322674624,59.96649204281692,-46.599610720142294,46.599610720142294,High income
Zimbabwe,ZWE,Linear Regression,36.49290431057565,96.9911770486583,-60.49827273808265,60.49827273808265,Lower middle income
Tunisia,TUN,Linear Regression,86.22721978256425,36.80956759374438,49.417652188819865,49.417652188819865,Lower middle income
Uzbekistan,UZB,Linear Regression,71.11309259578664,64.32845469405973,6.78463790172691,6.78463790172691,Lower middle income
Suriname,SUR,Linear Regression,31.201211851398043,51.58050758453268,-20.37929573313464,20.37929573313464,Upper middle income
Algeria,DZA,Linear Regression,33.94962898513718,57.86305196513176,-23.91342297999458,23.91342297999458,Lower middle income
Kiribati,KIR,Linear Regression,13.842499246348728,6.743301451232696,7.099197795116032,7.099197795116032,Lower middle income
Mauritania,MRT,Linear Regression,18.94026269159246,32.94753062399086,-14.007267932398399,14.007267932398399,Lower middle income
Eswatini,SWZ,Linear Regression,18.230235888384385,19.18340606918897,-0.9531701808045838,0.9531701808045838,Lower middle income
Honduras,HND,Linear Regression,2.2045693397103268,32.32803650049263,-30.123467160782305,30.123467160782305,Lower middle income
Belize,BLZ,Linear Regression,10.29010968891442,38.02929035719159,-27.73918066827717,27.73918066827717,Lower middle income
Cambodia,KHM,Linear Regression,19.1158760357082,68.93143428154828,-49.81555824584008,49.81555824584008,Lower middle income
Togo,TGO,Linear Regression,33.190200848337504,26.510951633253136,6.6792492150843685,6.6792492150843685,Low income
Rwanda,RWA,Linear Regression,79.95173163684525,18.2037635747988,61.74796806204645,61.74796806204645,Low income
Slovak Republic,SVK,Linear Regression,92.35633895456051,69.35885730638185,22.997481648178663,22.997481648178663,High income
Tajikistan,TJK,Linear Regression,17.099251748330467,44.883252468587926,-27.78400072025746,27.78400072025746,Lower middle income
Guyana,GUY,Linear Regression,28.10906637723197,50.41983453304996,-22.31076815581799,22.31076815581799,Upper middle income
Serbia,SRB,Linear Regression,89.80310931576227,68.95648483751934,20.84662447824293,20.84662447824293,Upper middle income
Bolivia,BOL,Linear Regression,16.138067652303285,48.5132949072177,-32.375227254914414,32.375227254914414,Lower middle income
Czechia,CZE,Linear Regression,74.37301698956526,89.84017315150572,-15.467156161940466,15.467156161940466,High income
Viet Nam,VNM,Linear Regression,94.55164012069136,76.19571899099844,18.355921129692916,18.355921129692916,Lower middle income
Moldova,MDA,Linear Regression,75.77910085154025,61.289314160808495,14.489786690731755,14.489786690731755,Upper middle income
Bosnia and Herzegovina,BIH,Linear Regression,29.443871698918457,50.08913725361781,-20.64526555469935,20.64526555469935,Upper middle income
Nicaragua,NIC,Linear Regression,9.000721369241944,42.56365496629089,-33.562933597048946,33.562933597048946,Lower middle income
Angola,AGO,Linear Regression,12.994070567139236,39.97406640714612,-26.979995840006882,26.979995840006882,Lower middle income
Bhutan,BTN,Linear Regression,18.34299671108046,48.40017496079348,-30.05717824971302,30.05717824971302,Lower middle income
Turkiye,TUR,Linear Regression,97.50276716757271,79.04847333535253,18.454293832220188,18.454293832220188,Upper middle income
Dominican Republic,DOM,Linear Regression,75.06875939472309,62.2731625878457,12.795596806877391,12.795596806877391,Upper middle income
Nepal,NPL,Linear Regression,44.991709114810014,50.71891550256392,-5.727206387753903,5.727206387753903,Lower middle income
Mozambique,MOZ,Linear Regression,24.18137645997864,0.3353866446459435,23.845989815332697,23.845989815332697,Low income
Tonga,TON,Linear Regression,20.952153802397568,31.554857690927097,-10.602703888529529,10.602703888529529,Upper middle income
Cuba,CUB,Linear Regression,58.75716009510822,69.53909371438309,-10.781933619274866,10.781933619274866,Upper middle income
Vanuatu,VUT,Linear Regression,12.884449837007612,31.826993205288463,-18.94254336828085,18.94254336828085,Lower middle income
United States,USA,Linear Regression,100.0,108.24673226252806,-8.246732262528056,8.246732262528056,High income
Croatia,HRV,Linear Regression,92.52586788043143,76.2482072878622,16.277660592569234,16.277660592569234,High income
Austria,AUT,Linear Regression,93.8931269060767,93.94746897119666,-0.054342065119953986,0.054342065119953986,High income
Azerbaijan,AZE,Linear Regression,89.3097838514196,62.62488080161808,26.684903049801513,26.684903049801513,Upper middle income
Samoa,WSM,Linear Regression,29.32689188139521,45.52368969256382,-16.19679781116861,16.19679781116861,Lower middle income
Mali,MLI,Linear Regression,10.14467669101046,16.94467458145258,-6.799997890442121,6.799997890442121,Low income
Estonia,EST,Linear Regression,99.482637483368,84.02031270583078,15.46232477753722,15.46232477753722,High income
Argentina,ARG,Linear Regression,50.119036387805785,83.78370238437738,-33.66466599657159,33.66466599657159,Upper middle income
Montenegro,MNE,Linear Regression,53.23470243537223,58.10095334164677,-4.866250906274544,4.866250906274544,Upper middle income
Russian Federation,RUS,Linear Regression,98.06130127925962,82.86736500334493,15.193936275914695,15.193936275914695,Upper middle income
Mexico,MEX,Linear Regression,81.68209356072518,66.26510113848954,15.416992422235637,15.416992422235637,Upper middle income
Malaysia,MYS,Linear Regression,98.06130127925962,73.0671596140433,24.99414166521632,24.99414166521632,Upper middle income
Mauritius,MUS,Linear Regression,96.89256971365506,57.126493910303864,39.7660758033512,39.7660758033512,Upper middle income
Paraguay,PRY,Linear Regression,57.085346868909,50.662094753305176,6.423252115603823,6.423252115603823,Upper middle income
Bahrain,BHR,Linear Regression,77.8595125430757,81.86249727846285,-4.002984735387159,4.002984735387159,High income
Sweden,SWE,Linear Regression,94.5877695307036,91.24648058734121,3.341288943362386,3.341288943362386,High income
Nigeria,NGA,Linear Regression,84.75749737168422,29.97752041268911,54.779976958995114,54.779976958995114,Lower middle income
United Arab Emirates,ARE,Linear Regression,98.06130127925962,77.87345193737664,20.18784934188298,20.18784934188298,High income
Spain,ESP,Linear Regression,98.52135614894412,83.19548209785091,15.325874051093209,15.325874051093209,High income
Belgium,BEL,Linear Regression,96.25422116527945,81.57100539530256,14.683215769976883,14.683215769976883,High income
Uganda,UGA,Linear Regression,69.98104463211652,34.45915651686555,35.521888115250974,35.521888115250974,Low income
Zambia,ZMB,Linear Regression,68.87660672544338,28.23087821737418,40.6457285080692,40.6457285080692,Lower middle income
Burkina Faso,BFA,GAM,39.9832384132157,17.698927454433946,22.284310958781756,22.284310958781756,Low income
Belarus,BLR,GAM,50.56683763244383,86.53051601573205,-35.96367838328822,35.96367838328822,Upper middle income
United Kingdom,GBR,GAM,99.5399451303155,96.75495318485959,2.784991945455914,2.784991945455914,High income
Malawi,MWI,GAM,36.82955060704771,19.77571697281171,17.053833634235996,17.053833634235996,Low income
Ghana,GHA,GAM,86.68728117435491,50.33805768288709,36.34922349146782,36.34922349146782,Lower middle income
Ecuador,ECU,GAM,26.298061330912244,57.73440784537355,-31.43634651446131,31.43634651446131,Upper middle income
Germany,DEU,GAM,97.4100931507712,95.71284229820719,1.6972508525640109,1.6972508525640109,High income
Bangladesh,BGD,GAM,81.27036583031082,63.070360768573984,18.20000506173684,18.20000506173684,Lower middle income
Mongolia,MNG,GAM,26.203541264247548,58.27627460429927,-32.07273334005172,32.07273334005172,Lower middle income
Madagascar,MDG,GAM,23.32595571849347,20.836310805085084,2.4896449134083873,2.4896449134083873,Low income
Sierra Leone,SLE,GAM,25.314660930577496,36.668346663819904,-11.353685733242408,11.353685733242408,Low income
Ireland,IRL,GAM,85.85878880707858,110.98195853001903,-25.123169722940446,25.123169722940446,High income
Panama,PAN,GAM,34.10954236299384,53.47714946305824,-19.367607100064397,19.367607100064397,Upper middle income
Ethiopia,ETH,GAM,27.742517304576413,46.62273860501118,-18.880221300434766,18.880221300434766,Low income
South Africa,ZAF,GAM,78.46293525391707,32.63652383047192,45.826411423445144,45.826411423445144,Upper middle income
Guinea,GIN,GAM,20.525536809173424,23.641314602408347,-3.1157777932349227,3.1157777932349227,Low income
Hungary,HUN,GAM,91.2753036075304,70.09672673777453,21.178576869755872,21.178576869755872,High income
Botswana,BWA,GAM,53.05608520296072,19.636230456727876,33.41985474623284,33.41985474623284,Upper middle income
Libya,LBY,GAM,28.780504218139697,27.458459487947987,1.3220447301917098,1.3220447301917098,Upper middle income
Poland,POL,GAM,93.85606640487646,86.81345924193681,7.042607162939646,7.042607162939646,High income
Malta,MLT,GAM,83.6477478904534,72.46111086480357,11.18663702564983,11.18663702564983,High income
Trinidad and Tobago,TTO,GAM,22.18029642416973,67.92190758993394,-45.74161116576421,45.74161116576421,High income
Greece,GRC,GAM,93.9826919455881,65.17187174644319,28.810820199144914,28.810820199144914,High income
Uruguay,URY,GAM,75.1540315381022,66.90521215849297,8.24881937960923,8.24881937960923,High income
Luxembourg,LUX,GAM,97.4100931507712,66.58028561859614,30.829807532175067,30.829807532175067,High income
Latvia,LVA,GAM,97.2805269516682,77.79831326226528,19.48221368940291,19.48221368940291,High income
Niger,NER,GAM,11.36098387100601,23.128445560143508,-11.767461689137498,11.767461689137498,Low income
Fiji,FJI,GAM,29.075341651133897,37.68496674912488,-8.609625097990985,8.609625097990985,Upper middle income
Maldives,MDV,GAM,2.948226659559637,33.2805736444793,-30.33234698491966,30.33234698491966,Upper middle income
India,IND,GAM,97.49450579769008,53.72187135865079,43.772634439039294,43.772634439039294,Lower middle income
Equatorial Guinea,GNQ,GAM,1.4600374400603742,45.61936538033014,-44.15932794026976,44.15932794026976,Upper middle income
Syrian Arab Republic,SYR,GAM,22.14212346754856,36.50784362909809,-14.365720161549529,14.365720161549529,Low income
Kenya,KEN,GAM,81.69558311060074,47.81114365416115,33.88443945643959,33.88443945643959,Lower middle income
France,FRA,GAM,97.60198444858491,91.1789048960896,6.4230795524953095,6.4230795524953095,High income
North Macedonia,MKD,GAM,89.92061027270192,48.90134153052148,41.019268742180444,41.019268742180444,Upper middle income
Kuwait,KWT,GAM,75.05126270651475,58.37321006853399,16.678052637980755,16.678052637980755,High income
Jordan,JOR,GAM,70.95522471902197,46.94173618104081,24.01348853798116,24.01348853798116,Upper middle income
Guinea-Bissau,GNB,GAM,9.848674476677724,37.2629234557445,-27.414248979066777,27.414248979066777,Low income
"Congo, Dem. Rep.",COD,GAM,5.296650994351706,19.9897375798184,-14.693086585466693,14.693086585466693,Low income
Qatar,QAT,GAM,94.5029144720037,64.47310655504393,30.02980791695977,30.02980791695977,High income
Pakistan,PAK,GAM,64.87513741811078,44.587829668201564,20.287307749909218,20.287307749909218,Lower middle income
Seychelles,SYC,GAM,13.233543959337398,56.82815220591404,-43.59460824657664,43.59460824657664,High income
Kazakhstan,KAZ,GAM,93.1529940774246,86.9746195479087,6.178374529515892,6.178374529515892,Upper middle income
Marshall Islands,MHL,GAM,4.901640394941037,-1.2384297649532883,6.140070159894325,6.140070159894325,Upper middle income
Djibouti,DJI,GAM,1.727957760407723,24.629851313041282,-22.90189355263356,22.90189355263356,Lower middle income
Ukraine,UKR,GAM,65.92918373376024,60.066932254542465,5.862251479217775,5.862251479217775,Lower middle income
Indonesia,IDN,GAM,94.88161470716162,65.45117820202688,29.430436505134736,29.430436505134736,Lower middle income
San Marino,SMR,GAM,13.831603116579876,62.625121796659414,-48.793518680079536,48.793518680079536,High income
Lesotho,LSO,GAM,9.07911844353884,0.36293220435723583,8.716186239181605,8.716186239181605,Lower middle income
Kyrgyz Republic,KGZ,GAM,49.63715318655919,46.59381127292195,3.043341913637242,3.043341913637242,Lower middle income
"Gambia, The",GMB,GAM,32.12214021964833,39.16640272507266,-7.044262505424328,7.044262505424328,Low income
Costa Rica,CRI,GAM,67.45223272636754,60.996927017447724,6.455305708919816,6.455305708919816,Upper middle income
Sri Lanka,LKA,GAM,58.64647306207936,82.1030190596411,-23.45654599756174,23.45654599756174,Lower middle income
Colombia,COL,GAM,63.72467605918338,64.54491870412222,-0.820242644938844,0.820242644938844,Upper middle income
Israel,ISR,GAM,90.93233883644888,79.34411427760483,11.588224558844047,11.588224558844047,High income
Turkmenistan,TKM,GAM,14.479243750138837,64.29412658619185,-49.814882836053016,49.814882836053016,Upper middle income
Dominica,DMA,GAM,4.200134446009717,46.300946779627125,-42.100812333617405,42.100812333617405,Upper middle income
Morocco,MAR,GAM,82.40789551997304,31.8851997689738,50.52269575099924,50.52269575099924,Lower middle income
Namibia,NAM,GAM,11.474814695402356,26.78628577766704,-15.311471082264683,15.311471082264683,Upper middle income
St. Lucia,LCA,GAM,10.955514594319494,49.28936271085806,-38.33384811653856,38.33384811653856,Upper middle income
Japan,JPN,GAM,97.8186187857858,111.37929102246925,-13.560672236683445,13.560672236683445,High income
New Zealand,NZL,GAM,84.03876994887852,103.71167926725323,-19.672909318374707,19.672909318374707,High income
Thailand,THA,GAM,86.49882855017196,63.56853071283058,22.930297837341385,22.930297837341385,Upper middle income
"Congo, Rep.",COG,GAM,14.717671729517086,26.652369921595024,-11.934698192077938,11.934698192077938,Lower middle income
Papua New Guinea,PNG,GAM,26.329319342897463,41.25830326078072,-14.928983917883258,14.928983917883258,Lower middle income
Iceland,ISL,GAM,79.80678946278535,93.47475112055704,-13.667961657771698,13.667961657771698,High income
Chad,TCD,GAM,40.44057988752824,32.796451156021206,7.644128731507031,7.644128731507031,Low income
Georgia,GEO,GAM,81.06505790050059,56.149514260457636,24.915543640042955,24.915543640042955,Upper middle income
Benin,BEN,GAM,80.0641298788483,32.80152485871093,47.26260502013738,47.26260502013738,Lower middle income
Italy,ITA,GAM,96.1269106550618,87.60662359416014,8.520287060901666,8.520287060901666,High income
Solomon Islands,SLB,GAM,7.07677787025566,16.93741834197865,-9.860640471722988,9.860640471722988,Lower middle income
Canada,CAN,GAM,97.67387780428948,101.06087155480826,-3.3869937505187835,3.3869937505187835,High income
Iraq,IRQ,GAM,20.714663395684408,32.411852991243286,-11.697189595558878,11.697189595558878,Upper middle income
Lithuania,LTU,GAM,97.9274556674032,79.04577320185722,18.88168246554598,18.88168246554598,High income
Oman,OMN,GAM,96.04154533464563,61.33864998415831,34.702895350487324,34.702895350487324,High income
"Korea, Rep.",KOR,GAM,98.52135614894412,111.48923202103953,-12.967875872095405,12.967875872095405,High income
Netherlands,NLD,GAM,97.04590219056718,91.18924381360792,5.85665837695926,5.85665837695926,High income
"Micronesia, Fed. Sts.",FSM,GAM,0.0,25.880160325409015,-25.880160325409015,25.880160325409015,Lower middle income
Burundi,BDI,GAM,1.727957760407723,13.762543768745118,-12.034586008337396,12.034586008337396,Low income
Romania,ROU,GAM,76.2945552843155,68.78970112320306,7.504854161112448,7.504854161112448,Upper middle income
Barbados,BRB,GAM,16.894020320517903,59.22519232810335,-42.331172007585444,42.331172007585444,High income
Jamaica,JAM,GAM,32.527188361000015,47.492393616848204,-14.96520525584819,14.96520525584819,Upper middle income
Lao PDR,LAO,GAM,20.34444641645468,46.75644082466479,-26.411994408210113,26.411994408210113,Lower middle income
Australia,AUS,GAM,97.4674007977187,100.18962016547769,-2.7222193677589956,2.7222193677589956,High income
Cameroon,CMR,GAM,45.62663968029979,45.60836276132028,0.01827691897950956,0.01827691897950956,Lower middle income
Liberia,LBR,GAM,9.724174056340743,14.324538665125887,-4.600364608785144,4.600364608785144,Low income
"Bahamas, The",BHS,GAM,13.366881322674624,58.14360734725291,-44.77672602457829,44.77672602457829,High income
Zimbabwe,ZWE,GAM,36.49290431057565,58.97767951073326,-22.484775200157607,22.484775200157607,Lower middle income
Tunisia,TUN,GAM,86.22721978256425,36.22259365951907,50.00462612304518,50.00462612304518,Lower middle income
Uzbekistan,UZB,GAM,71.11309259578664,64.14091060653999,6.97218198924665,6.97218198924665,Lower middle income
Suriname,SUR,GAM,31.201211851398043,50.16762665177154,-18.9664148003735,18.9664148003735,Upper middle income
Algeria,DZA,GAM,33.94962898513718,54.632286219588366,-20.682657234451185,20.682657234451185,Lower middle income
Kiribati,KIR,GAM,13.842499246348728,2.360559691649577,11.481939554699151,11.481939554699151,Lower middle income
Mauritania,MRT,GAM,18.94026269159246,36.02027213922618,-17.08000944763372,17.08000944763372,Lower middle income
Eswatini,SWZ,GAM,18.230235888384385,22.809003471072064,-4.578767582687679,4.578767582687679,Lower middle income
Honduras,HND,GAM,2.2045693397103268,34.619416343188455,-32.41484700347813,32.41484700347813,Lower middle income
Belize,BLZ,GAM,10.29010968891442,37.46837380031659,-27.17826411140217,27.17826411140217,Lower middle income
Cambodia,KHM,GAM,19.1158760357082,74.2676530618555,-55.1517770261473,55.1517770261473,Lower middle income
Togo,TGO,GAM,33.190200848337504,29.069031176011723,4.121169672325781,4.121169672325781,Low income
Rwanda,RWA,GAM,79.95173163684525,19.940134465528885,60.01159717131637,60.01159717131637,Low income
Slovak Republic,SVK,GAM,92.35633895456051,69.60618553494383,22.75015341961668,22.75015341961668,High income
Tajikistan,TJK,GAM,17.099251748330467,43.46798058665964,-26.368728838329176,26.368728838329176,Lower middle income
Guyana,GUY,GAM,28.10906637723197,47.75279548952747,-19.643729112295503,19.643729112295503,Upper middle income
Serbia,SRB,GAM,89.80310931576227,68.46086684110338,21.34224247465889,21.34224247465889,Upper middle income
Bolivia,BOL,GAM,16.138067652303285,47.93713542571514,-31.799067773411856,31.799067773411856,Lower middle income
Czechia,CZE,GAM,74.37301698956526,92.53050573473266,-18.1574887451674,18.1574887451674,High income
Viet Nam,VNM,GAM,94.55164012069136,75.64460034815315,18.907039772538212,18.907039772538212,Lower middle income
Moldova,MDA,GAM,75.77910085154025,57.5027319588458,18.27636889269445,18.27636889269445,Upper middle income
Bosnia and Herzegovina,BIH,GAM,29.443871698918457,50.72064815558015,-21.276776456661693,21.276776456661693,Upper middle income
Nicaragua,NIC,GAM,9.000721369241944,42.711035500501616,-33.71031413125967,33.71031413125967,Lower middle income
Angola,AGO,GAM,12.994070567139236,41.60216882733582,-28.60809826019658,28.60809826019658,Lower middle income
Bhutan,BTN,GAM,18.34299671108046,47.494935827744314,-29.151939116663854,29.151939116663854,Lower middle income
Turkiye,TUR,GAM,97.50276716757271,78.43569552580942,19.06707164176329,19.06707164176329,Upper middle income
Dominican Republic,DOM,GAM,75.06875939472309,60.609566491221486,14.459192903501602,14.459192903501602,Upper middle income
Nepal,NPL,GAM,44.991709114810014,47.47624092166501,-2.4845318068549958,2.4845318068549958,Lower middle income
Mozambique,MOZ,GAM,24.18137645997864,3.976094808555107,20.205281651423533,20.205281651423533,Low income
Tonga,TON,GAM,20.952153802397568,27.832306674146807,-6.880152871749239,6.880152871749239,Upper middle income
Cuba,CUB,GAM,58.75716009510822,61.8501457373677,-3.092985642259478,3.092985642259478,Upper middle income
Vanuatu,VUT,GAM,12.884449837007612,25.553467302343858,-12.669017465336246,12.669017465336246,Lower middle income
United States,USA,GAM,100.0,108.88603926214068,-8.886039262140685,8.886039262140685,High income
Croatia,HRV,GAM,92.52586788043143,76.26444813283003,16.26141974760141,16.26141974760141,High income
Austria,AUT,GAM,93.8931269060767,95.289275443735,-1.3961485376582914,1.3961485376582914,High income
Azerbaijan,AZE,GAM,89.3097838514196,60.05778917181837,29.251994679601225,29.251994679601225,Upper middle income
Samoa,WSM,GAM,29.32689188139521,40.886008260542305,-11.559116379147095,11.559116379147095,Lower middle income
Mali,MLI,GAM,10.14467669101046,23.62277259178884,-13.478095900778381,13.478095900778381,Low income
Estonia,EST,GAM,99.482637483368,85.96920023793481,13.513437245433181,13.513437245433181,High income
Argentina,ARG,GAM,50.119036387805785,80.37958652452436,-30.26055013671857,30.26055013671857,Upper middle income
Montenegro,MNE,GAM,53.23470243537223,56.81212505883879,-3.5774226234665605,3.5774226234665605,Upper middle income
Russian Federation,RUS,GAM,98.06130127925962,82.86254196254555,15.198759316714074,15.198759316714074,Upper middle income
Mexico,MEX,GAM,81.68209356072518,66.31135548992043,15.370738070804748,15.370738070804748,Upper middle income
Malaysia,MYS,GAM,98.06130127925962,71.19493712843065,26.86636415082897,26.86636415082897,Upper middle income
Mauritius,MUS,GAM,96.89256971365506,56.601638934564946,40.29093077909012,40.29093077909012,Upper middle income
Paraguay,PRY,GAM,57.085346868909,49.10606810760538,7.979278761303618,7.979278761303618,Upper middle income
Bahrain,BHR,GAM,77.8595125430757,79.00717047612036,-1.1476579330446697,1.1476579330446697,High income
Sweden,SWE,GAM,94.5877695307036,96.39419564938261,-1.8064261186790134,1.8064261186790134,High income
Nigeria,NGA,GAM,84.75749737168422,29.6974796991317,55.06001767255252,55.06001767255252,Lower middle income
United Arab Emirates,ARE,GAM,98.06130127925962,78.142453877461,19.91884740179863,19.91884740179863,High income
Spain,ESP,GAM,98.52135614894412,85.8315571814588,12.689798967485316,12.689798967485316,High income
Belgium,BEL,GAM,96.25422116527945,85.05683163725553,11.197389528023919,11.197389528023919,High income
Uganda,UGA,GAM,69.98104463211652,34.5619811496055,35.41906348251102,35.41906348251102,Low income
Zambia,ZMB,GAM,68.87660672544338,26.03451426956019,42.84209245588319,42.84209245588319,Lower middle income
Burkina Faso,BFA,SVR,39.9832384132157,24.507869023622774,15.475369389592927,15.475369389592927,Low income
Belarus,BLR,SVR,50.56683763244383,97.66181665792928,-47.09497902548545,47.09497902548545,Upper middle income
United Kingdom,GBR,SVR,99.5399451303155,98.44020104219489,1.099744088120616,1.099744088120616,High income
Malawi,MWI,SVR,36.82955060704771,33.151777435816456,3.6777731712312516,3.6777731712312516,Low income
Ghana,GHA,SVR,86.68728117435491,52.798570930796686,33.88871024355822,33.88871024355822,Lower middle income
Ecuador,ECU,SVR,26.298061330912244,67.80209984106608,-41.50403851015383,41.50403851015383,Upper middle income
Germany,DEU,SVR,97.4100931507712,105.55725587802795,-8.147162727256742,8.147162727256742,High income
Bangladesh,BGD,SVR,81.27036583031082,45.29260079539642,35.977765034914405,35.977765034914405,Lower middle income
Mongolia,MNG,SVR,26.203541264247548,78.3298861888619,-52.12634492461436,52.12634492461436,Lower middle income
Madagascar,MDG,SVR,23.32595571849347,29.121227436344505,-5.795271717851033,5.795271717851033,Low income
Sierra Leone,SLE,SVR,25.314660930577496,43.38438994437228,-18.069729013794785,18.069729013794785,Low income
Ireland,IRL,SVR,85.85878880707858,73.80652218399405,12.052266623084535,12.052266623084535,High income
Panama,PAN,SVR,34.10954236299384,51.835707724914485,-17.726165361920643,17.726165361920643,Upper middle income
Ethiopia,ETH,SVR,27.742517304576413,45.19231182750875,-17.44979452293234,17.44979452293234,Low income
South Africa,ZAF,SVR,78.46293525391707,31.91952963694969,46.54340561696738,46.54340561696738,Upper middle income
Guinea,GIN,SVR,20.525536809173424,21.326171413152053,-0.8006346039786294,0.8006346039786294,Low income
Hungary,HUN,SVR,91.2753036075304,83.2922481436583,7.983055463872105,7.983055463872105,High income
Botswana,BWA,SVR,53.05608520296072,19.321339071700343,33.73474613126038,33.73474613126038,Upper middle income
Libya,LBY,SVR,28.780504218139697,34.42814100810034,-5.647636789960643,5.647636789960643,Upper middle income
Poland,POL,SVR,93.85606640487646,83.26038466921335,10.595681735663106,10.595681735663106,High income
Malta,MLT,SVR,83.6477478904534,83.47138549968216,0.17636239077124571,0.17636239077124571,High income
Trinidad and Tobago,TTO,SVR,22.18029642416973,66.70676387193865,-44.52646744776892,44.52646744776892,High income
Greece,GRC,SVR,93.9826919455881,66.07761569541356,27.905076250174545,27.905076250174545,High income
Uruguay,URY,SVR,75.1540315381022,68.58101814073981,6.573013397362388,6.573013397362388,High income
Luxembourg,LUX,SVR,97.4100931507712,63.45826740277316,33.95182574799804,33.95182574799804,High income
Latvia,LVA,SVR,97.2805269516682,97.96797124888964,-0.6874442972214467,0.6874442972214467,High income
Niger,NER,SVR,11.36098387100601,36.401845779740235,-25.040861908734225,25.040861908734225,Low income
Fiji,FJI,SVR,29.075341651133897,50.96321916792457,-21.887877516790674,21.887877516790674,Upper middle income
Maldives,MDV,SVR,2.948226659559637,29.88794835254865,-26.939721692989014,26.939721692989014,Upper middle income
India,IND,SVR,97.49450579769008,43.28714612874556,54.20735966894452,54.20735966894452,Lower middle income
Equatorial Guinea,GNQ,SVR,1.4600374400603742,39.66143061976037,-38.20139317969999,38.20139317969999,Upper middle income
Syrian Arab Republic,SYR,SVR,22.14212346754856,45.77604584603398,-23.63392237848542,23.63392237848542,Low income
Kenya,KEN,SVR,81.69558311060074,49.602054165912264,32.09352894468847,32.09352894468847,Lower middle income
France,FRA,SVR,97.60198444858491,90.12662729177137,7.475357156813544,7.475357156813544,High income
North Macedonia,MKD,SVR,89.92061027270192,52.50921464794156,37.41139562476036,37.41139562476036,Upper middle income
Kuwait,KWT,SVR,75.05126270651475,55.60146719788403,19.44979550863072,19.44979550863072,High income
Jordan,JOR,SVR,70.95522471902197,39.57638286665609,31.37884185236588,31.37884185236588,Upper middle income
Guinea-Bissau,GNB,SVR,9.848674476677724,33.24840673456686,-23.39973225788914,23.39973225788914,Low income
"Congo, Dem. Rep.",COD,SVR,5.296650994351706,27.819564045409862,-22.522913051058154,22.522913051058154,Low income
Qatar,QAT,SVR,94.5029144720037,57.82476469368949,36.67814977831421,36.67814977831421,High income
Pakistan,PAK,SVR,64.87513741811078,48.78620048486316,16.088936933247624,16.088936933247624,Lower middle income
Seychelles,SYC,SVR,13.233543959337398,63.64575891973742,-50.41221496040002,50.41221496040002,High income
Kazakhstan,KAZ,SVR,93.1529940774246,78.46407993073305,14.688914146691545,14.688914146691545,Upper middle income
Marshall Islands,MHL,SVR,4.901640394941037,33.813043108094774,-28.911402713153738,28.911402713153738,Upper middle income
Djibouti,DJI,SVR,1.727957760407723,45.08660081682638,-43.35864305641866,43.35864305641866,Lower middle income
Ukraine,UKR,SVR,65.92918373376024,63.301362046531274,2.627821687228966,2.627821687228966,Lower middle income
Indonesia,IDN,SVR,94.88161470716162,65.99694462144582,28.884670085715797,28.884670085715797,Lower middle income
San Marino,SMR,SVR,13.831603116579876,58.271831645310975,-44.4402285287311,44.4402285287311,High income
Lesotho,LSO,SVR,9.07911844353884,23.405848459925224,-14.326730016386383,14.326730016386383,Lower middle income
Kyrgyz Republic,KGZ,SVR,49.63715318655919,50.35486048397139,-0.7177072974122041,0.7177072974122041,Lower middle income
"Gambia, The",GMB,SVR,32.12214021964833,42.300830877150155,-10.178690657501825,10.178690657501825,Low income
Costa Rica,CRI,SVR,67.45223272636754,51.87558493985725,15.576647786510293,15.576647786510293,Upper middle income
Sri Lanka,LKA,SVR,58.64647306207936,64.88951915340992,-6.243046091330562,6.243046091330562,Lower middle income
Colombia,COL,SVR,63.72467605918338,67.71588854632944,-3.9912124871460577,3.9912124871460577,Upper middle income
Israel,ISR,SVR,90.93233883644888,68.72852254888743,22.20381628756145,22.20381628756145,High income
Turkmenistan,TKM,SVR,14.479243750138837,50.154065222320924,-35.67482147218209,35.67482147218209,Upper middle income
Dominica,DMA,SVR,4.200134446009717,64.98437751214138,-60.78424306613166,60.78424306613166,Upper middle income
Morocco,MAR,SVR,82.40789551997304,25.99298534070059,56.414910179272454,56.414910179272454,Lower middle income
Namibia,NAM,SVR,11.474814695402356,32.80197621532095,-21.32716151991859,21.32716151991859,Upper middle income
St. Lucia,LCA,SVR,10.955514594319494,37.38541322256117,-26.429898628241673,26.429898628241673,Upper middle income
Japan,JPN,SVR,97.8186187857858,85.7150732520007,12.103545533785095,12.103545533785095,High income
New Zealand,NZL,SVR,84.03876994887852,102.66762190944029,-18.62885196056176,18.62885196056176,High income
Thailand,THA,SVR,86.49882855017196,69.09622442712525,17.402604123046714,17.402604123046714,Upper middle income
"Congo, Rep.",COG,SVR,14.717671729517086,25.800069253964534,-11.082397524447448,11.082397524447448,Lower middle income
Papua New Guinea,PNG,SVR,26.329319342897463,40.0115518195443,-13.682232476646838,13.682232476646838,Lower middle income
Iceland,ISL,SVR,79.80678946278535,93.74355478347738,-13.936765320692032,13.936765320692032,High income
Chad,TCD,SVR,40.44057988752824,43.33931106931634,-2.8987311817881007,2.8987311817881007,Low income
Georgia,GEO,SVR,81.06505790050059,66.89126457968742,14.173793320813175,14.173793320813175,Upper middle income
Benin,BEN,SVR,80.0641298788483,32.67489884126384,47.389231037584466,47.389231037584466,Lower middle income
Italy,ITA,SVR,96.1269106550618,90.36137309164897,5.765537563412835,5.765537563412835,High income
Solomon Islands,SLB,SVR,7.07677787025566,36.479832066113346,-29.403054195857685,29.403054195857685,Lower middle income
Canada,CAN,SVR,97.67387780428948,104.14234560889625,-6.4684678046067745,6.4684678046067745,High income
Iraq,IRQ,SVR,20.714663395684408,25.06945578788279,-4.354792392198384,4.354792392198384,Upper middle income
Lithuania,LTU,SVR,97.9274556674032,94.95800693994838,2.969448727454818,2.969448727454818,High income
Oman,OMN,SVR,96.04154533464563,75.54179754989347,20.49974778475216,20.49974778475216,High income
"Korea, Rep.",KOR,SVR,98.52135614894412,97.51191074101781,1.0094454079263073,1.0094454079263073,High income
Netherlands,NLD,SVR,97.04590219056718,93.91797716719921,3.1279250233679647,3.1279250233679647,High income
"Micronesia, Fed. Sts.",FSM,SVR,0.0,27.72311121980128,-27.72311121980128,27.72311121980128,Lower middle income
Burundi,BDI,SVR,1.727957760407723,31.323612637943604,-29.595654877535882,29.595654877535882,Low income
Romania,ROU,SVR,76.2945552843155,75.87158047747023,0.422974806845275,0.422974806845275,Upper middle income
Barbados,BRB,SVR,16.894020320517903,63.22132122059722,-46.327300900079315,46.327300900079315,High income
Jamaica,JAM,SVR,32.527188361000015,39.66952091709687,-7.142332556096854,7.142332556096854,Upper middle income
Lao PDR,LAO,SVR,20.34444641645468,42.73654003726796,-22.392093620813277,22.392093620813277,Lower middle income
Australia,AUS,SVR,97.4674007977187,92.67478730110203,4.792613496616667,4.792613496616667,High income
Cameroon,CMR,SVR,45.62663968029979,36.32660706501903,9.300032615280756,9.300032615280756,Lower middle income
Liberia,LBR,SVR,9.724174056340743,45.14363109228475,-35.419457035944006,35.419457035944006,Low income
"Bahamas, The",BHS,SVR,13.366881322674624,58.95766131612209,-45.59077999344747,45.59077999344747,High income
Zimbabwe,ZWE,SVR,36.49290431057565,45.5017208224867,-9.00881651191105,9.00881651191105,Lower middle income
Tunisia,TUN,SVR,86.22721978256425,24.75051882876159,61.47670095380266,61.47670095380266,Lower middle income
Uzbekistan,UZB,SVR,71.11309259578664,52.8746757466824,18.23841684910424,18.23841684910424,Lower middle income
Suriname,SUR,SVR,31.201211851398043,32.83267266954424,-1.631460818146195,1.631460818146195,Upper middle income
Algeria,DZA,SVR,33.94962898513718,55.40540572963774,-21.45577674450056,21.45577674450056,Lower middle income
Kiribati,KIR,SVR,13.842499246348728,21.901494104659346,-8.058994858310617,8.058994858310617,Lower middle income
Mauritania,MRT,SVR,18.94026269159246,33.52964116136808,-14.589378469775625,14.589378469775625,Lower middle income
Eswatini,SWZ,SVR,18.230235888384385,24.27510333569977,-6.0448674473153865,6.0448674473153865,Lower middle income
Honduras,HND,SVR,2.2045693397103268,36.36860538198942,-34.16403604227909,34.16403604227909,Lower middle income
Belize,BLZ,SVR,10.29010968891442,31.87864892593811,-21.58853923702369,21.58853923702369,Lower middle income
Cambodia,KHM,SVR,19.1158760357082,55.13092167029532,-36.015045634587125,36.015045634587125,Lower middle income
Togo,TGO,SVR,33.190200848337504,28.174661864676985,5.0155389836605195,5.0155389836605195,Low income
Rwanda,RWA,SVR,79.95173163684525,23.252194507077007,56.699537129768245,56.699537129768245,Low income
Slovak Republic,SVK,SVR,92.35633895456051,78.70026001407226,13.656078940488257,13.656078940488257,High income
Tajikistan,TJK,SVR,17.099251748330467,43.51672194508154,-26.417470196751076,26.417470196751076,Lower middle income
Guyana,GUY,SVR,28.10906637723197,41.97021792012546,-13.861151542893488,13.861151542893488,Upper middle income
Serbia,SRB,SVR,89.80310931576227,72.47860803585506,17.32450127990721,17.32450127990721,Upper middle income
Bolivia,BOL,SVR,16.138067652303285,56.664813319872266,-40.52674566756898,40.52674566756898,Lower middle income
Czechia,CZE,SVR,74.37301698956526,99.93466021785659,-25.56164322829133,25.56164322829133,High income
Viet Nam,VNM,SVR,94.55164012069136,73.16476770197175,21.386872418719605,21.386872418719605,Lower middle income
Moldova,MDA,SVR,75.77910085154025,68.15622437005334,7.622876481486912,7.622876481486912,Upper middle income
Bosnia and Herzegovina,BIH,SVR,29.443871698918457,43.809013306018734,-14.365141607100277,14.365141607100277,Upper middle income
Nicaragua,NIC,SVR,9.000721369241944,34.10718064595522,-25.106459276713274,25.106459276713274,Lower middle income
Angola,AGO,SVR,12.994070567139236,46.44098266681658,-33.44691209967735,33.44691209967735,Lower middle income
Bhutan,BTN,SVR,18.34299671108046,39.98932321123692,-21.646326500156462,21.646326500156462,Lower middle income
Turkiye,TUR,SVR,97.50276716757271,72.8135489192434,24.68921824832931,24.68921824832931,Upper middle income
Dominican Republic,DOM,SVR,75.06875939472309,53.72096434076093,21.34779505396216,21.34779505396216,Upper middle income
Nepal,NPL,SVR,44.991709114810014,41.87240018566783,3.1193089291421856,3.1193089291421856,Lower middle income
Mozambique,MOZ,SVR,24.18137645997864,28.13113951961761,-3.9497630596389683,3.9497630596389683,Low income
Tonga,TON,SVR,20.952153802397568,43.78040067346157,-22.828246871064003,22.828246871064003,Upper middle income
Cuba,CUB,SVR,58.75716009510822,47.21934813084027,11.537811964267952,11.537811964267952,Upper middle income
Vanuatu,VUT,SVR,12.884449837007612,35.05441731668352,-22.169967479675908,22.169967479675908,Lower middle income
United States,USA,SVR,100.0,77.90573451882929,22.09426548117071,22.09426548117071,High income
Croatia,HRV,SVR,92.52586788043143,83.56337674923793,8.962491131193502,8.962491131193502,High income
Austria,AUT,SVR,93.8931269060767,105.58305716915761,-11.68993026308091,11.68993026308091,High income
Azerbaijan,AZE,SVR,89.3097838514196,64.41236153841362,24.897422313005976,24.897422313005976,Upper middle income
Samoa,WSM,SVR,29.32689188139521,27.103999011181745,2.222892870213464,2.222892870213464,Lower middle income
Mali,MLI,SVR,10.14467669101046,34.243435920683524,-24.098759229673064,24.098759229673064,Low income
Estonia,EST,SVR,99.482637483368,95.18344412030913,4.299193363058862,4.299193363058862,High income
Argentina,ARG,SVR,50.119036387805785,67.97084944228067,-17.85181305447488,17.85181305447488,Upper middle income
Montenegro,MNE,SVR,53.23470243537223,51.76023565095357,1.4744667844186594,1.4744667844186594,Upper middle income
Russian Federation,RUS,SVR,98.06130127925962,88.03590928337076,10.025391995888867,10.025391995888867,Upper middle income
Mexico,MEX,SVR,81.68209356072518,74.93434168222653,6.747751878498647,6.747751878498647,Upper middle income
Malaysia,MYS,SVR,98.06130127925962,57.837795030863866,40.22350624839576,40.22350624839576,Upper middle income
Mauritius,MUS,SVR,96.89256971365506,59.218516314225674,37.67405339942939,37.67405339942939,Upper middle income
Paraguay,PRY,SVR,57.085346868909,47.986065009279514,9.099281859629485,9.099281859629485,Upper middle income
Bahrain,BHR,SVR,77.8595125430757,71.89559002451598,5.963922518559713,5.963922518559713,High income
Sweden,SWE,SVR,94.5877695307036,83.1664460703659,11.421323460337703,11.421323460337703,High income
Nigeria,NGA,SVR,84.75749737168422,27.737146616206637,57.02035075547759,57.02035075547759,Lower middle income
United Arab Emirates,ARE,SVR,98.06130127925962,74.77669930164357,23.28460197761605,23.28460197761605,High income
Spain,ESP,SVR,98.52135614894412,91.6701112569971,6.851244891947019,6.851244891947019,High income
Belgium,BEL,SVR,96.25422116527945,91.64773883961155,4.606482325667898,4.606482325667898,High income
Uganda,UGA,SVR,69.98104463211652,38.65125153467959,31.329793097436934,31.329793097436934,Low income
Zambia,ZMB,SVR,68.87660672544338,31.213402785020538,37.66320394042285,37.66320394042285,Lower middle income
Burkina Faso,BFA,XGBoost,39.9832384132157,26.747234344482422,13.23600406873328,13.23600406873328,Low income
Belarus,BLR,XGBoost,50.56683763244383,94.26170349121094,-43.69486585876711,43.69486585876711,Upper middle income
United Kingdom,GBR,XGBoost,99.5399451303155,99.99231719970703,-0.4523720693915294,0.4523720693915294,High income
Malawi,MWI,XGBoost,36.82955060704771,40.88102340698242,-4.051472799934714,4.051472799934714,Low income
Ghana,GHA,XGBoost,86.68728117435491,53.482810974121094,33.204470200233814,33.204470200233814,Lower middle income
Ecuador,ECU,XGBoost,26.298061330912244,59.94646072387695,-33.648399392964706,33.648399392964706,Upper middle income
Germany,DEU,XGBoost,97.4100931507712,92.59040069580078,4.819692454970422,4.819692454970422,High income
Bangladesh,BGD,XGBoost,81.27036583031082,57.8508415222168,23.419524308094026,23.419524308094026,Lower middle income
Mongolia,MNG,XGBoost,26.203541264247548,76.30619812011719,-50.10265685586964,50.10265685586964,Lower middle income
Madagascar,MDG,XGBoost,23.32595571849347,36.41192626953125,-13.085970551037779,13.085970551037779,Low income
Sierra Leone,SLE,XGBoost,25.314660930577496,43.20296859741211,-17.888307666834613,17.888307666834613,Low income
Ireland,IRL,XGBoost,85.85878880707858,87.35877227783203,-1.499983470753449,1.499983470753449,High income
Panama,PAN,XGBoost,34.10954236299384,65.16261291503906,-31.05307055204522,31.05307055204522,Upper middle income
Ethiopia,ETH,XGBoost,27.742517304576413,53.94474792480469,-26.202230620228274,26.202230620228274,Low income
South Africa,ZAF,XGBoost,78.46293525391707,51.366737365722656,27.09619788819441,27.09619788819441,Upper middle income
Guinea,GIN,XGBoost,20.525536809173424,36.52359390258789,-15.998057093414467,15.998057093414467,Low income
Hungary,HUN,XGBoost,91.2753036075304,88.32910919189453,2.9461944156358726,2.9461944156358726,High income
Botswana,BWA,XGBoost,53.05608520296072,36.047664642333984,17.00842056062674,17.00842056062674,Upper middle income
Libya,LBY,XGBoost,28.780504218139697,14.63612174987793,14.144382468261767,14.144382468261767,Upper middle income
Poland,POL,XGBoost,93.85606640487646,87.2625503540039,6.593516050872552,6.593516050872552,High income
Malta,MLT,XGBoost,83.6477478904534,81.04689025878906,2.60085763166434,2.60085763166434,High income
Trinidad and Tobago,TTO,XGBoost,22.18029642416973,46.51491928100586,-24.33462285683613,24.33462285683613,High income
Greece,GRC,XGBoost,93.9826919455881,74.58238983154297,19.400302114045132,19.400302114045132,High income
Uruguay,URY,XGBoost,75.1540315381022,74.28160858154297,0.8724229565592339,0.8724229565592339,High income
Luxembourg,LUX,XGBoost,97.4100931507712,61.12895965576172,36.281133495009485,36.281133495009485,High income
Latvia,LVA,XGBoost,97.2805269516682,94.3486328125,2.931894139168193,2.931894139168193,High income
Niger,NER,XGBoost,11.36098387100601,35.45442581176758,-24.09344194076157,24.09344194076157,Low income
Fiji,FJI,XGBoost,29.075341651133897,30.535192489624023,-1.4598508384901265,1.4598508384901265,Upper middle income
Maldives,MDV,XGBoost,2.948226659559637,29.018342971801758,-26.07011631224212,26.07011631224212,Upper middle income
India,IND,XGBoost,97.49450579769008,76.69227600097656,20.80222979671352,20.80222979671352,Lower middle income
Equatorial Guinea,GNQ,XGBoost,1.4600374400603742,28.31222915649414,-26.852191716433765,26.852191716433765,Upper middle income
Syrian Arab Republic,SYR,XGBoost,22.14212346754856,44.52470016479492,-22.38257669724636,22.38257669724636,Low income
Kenya,KEN,XGBoost,81.69558311060074,26.056350708007812,55.639232402592924,55.639232402592924,Lower middle income
France,FRA,XGBoost,97.60198444858491,85.34410858154297,12.257875867041946,12.257875867041946,High income
North Macedonia,MKD,XGBoost,89.92061027270192,55.512874603271484,34.40773566943044,34.40773566943044,Upper middle income
Kuwait,KWT,XGBoost,75.05126270651475,47.43320846557617,27.618054240938577,27.618054240938577,High income
Jordan,JOR,XGBoost,70.95522471902197,45.82864761352539,25.12657710549658,25.12657710549658,Upper middle income
Guinea-Bissau,GNB,XGBoost,9.848674476677724,19.025123596191406,-9.176449119513682,9.176449119513682,Low income
"Congo, Dem. Rep.",COD,XGBoost,5.296650994351706,25.062807083129883,-19.766156088778175,19.766156088778175,Low income
Qatar,QAT,XGBoost,94.5029144720037,75.5514144897461,18.9514999822576,18.9514999822576,High income
Pakistan,PAK,XGBoost,64.87513741811078,62.22568893432617,2.64944848378461,2.64944848378461,Lower middle income
Seychelles,SYC,XGBoost,13.233543959337398,87.40837860107422,-74.17483464173682,74.17483464173682,High income
Kazakhstan,KAZ,XGBoost,93.1529940774246,83.97017669677734,9.18281738064725,9.18281738064725,Upper middle income
Marshall Islands,MHL,XGBoost,4.901640394941037,8.178627014160156,-3.2769866192191195,3.2769866192191195,Upper middle income
Djibouti,DJI,XGBoost,1.727957760407723,6.649101257324219,-4.921143496916496,4.921143496916496,Lower middle income
Ukraine,UKR,XGBoost,65.92918373376024,61.422218322753906,4.506965411006334,4.506965411006334,Lower middle income
Indonesia,IDN,XGBoost,94.88161470716162,52.79063415527344,42.09098055188818,42.09098055188818,Lower middle income
San Marino,SMR,XGBoost,13.831603116579876,58.22390365600586,-44.39230053942598,44.39230053942598,High income
Lesotho,LSO,XGBoost,9.07911844353884,20.134605407714844,-11.055486964176003,11.055486964176003,Lower middle income
Kyrgyz Republic,KGZ,XGBoost,49.63715318655919,49.15536117553711,0.4817920110220797,0.4817920110220797,Lower middle income
"Gambia, The",GMB,XGBoost,32.12214021964833,44.68648147583008,-12.564341256181748,12.564341256181748,Low income
Costa Rica,CRI,XGBoost,67.45223272636754,75.32962799072266,-7.8773952643551155,7.8773952643551155,Upper middle income
Sri Lanka,LKA,XGBoost,58.64647306207936,73.1658935546875,-14.519420492608141,14.519420492608141,Lower middle income
Colombia,COL,XGBoost,63.72467605918338,57.86037063598633,5.864305423197052,5.864305423197052,Upper middle income
Israel,ISR,XGBoost,90.93233883644888,93.6159896850586,-2.683650848609716,2.683650848609716,High income
Turkmenistan,TKM,XGBoost,14.479243750138837,51.226932525634766,-36.74768877549593,36.74768877549593,Upper middle income
Dominica,DMA,XGBoost,4.200134446009717,30.162961959838867,-25.96282751382915,25.96282751382915,Upper middle income
Morocco,MAR,XGBoost,82.40789551997304,36.82985305786133,45.57804246211171,45.57804246211171,Lower middle income
Namibia,NAM,XGBoost,11.474814695402356,42.189849853515625,-30.715035158113267,30.715035158113267,Upper middle income
St. Lucia,LCA,XGBoost,10.955514594319494,35.010658264160156,-24.05514366984066,24.05514366984066,Upper middle income
Japan,JPN,XGBoost,97.8186187857858,98.04557037353516,-0.22695158774935464,0.22695158774935464,High income
New Zealand,NZL,XGBoost,84.03876994887852,95.21378326416016,-11.175013315281632,11.175013315281632,High income
Thailand,THA,XGBoost,86.49882855017196,77.20928192138672,9.289546628785246,9.289546628785246,Upper middle income
"Congo, Rep.",COG,XGBoost,14.717671729517086,26.241384506225586,-11.5237127767085,11.5237127767085,Lower middle income
Papua New Guinea,PNG,XGBoost,26.329319342897463,13.21319580078125,13.116123542116213,13.116123542116213,Lower middle income
Iceland,ISL,XGBoost,79.80678946278535,95.33075714111328,-15.523967678327935,15.523967678327935,High income
Chad,TCD,XGBoost,40.44057988752824,43.39672088623047,-2.9561409987022316,2.9561409987022316,Low income
Georgia,GEO,XGBoost,81.06505790050059,60.98259735107422,20.082460549426372,20.082460549426372,Upper middle income
Benin,BEN,XGBoost,80.0641298788483,40.05635452270508,40.00777535614323,40.00777535614323,Lower middle income
Italy,ITA,XGBoost,96.1269106550618,93.40203857421875,2.724872080843056,2.724872080843056,High income
Solomon Islands,SLB,XGBoost,7.07677787025566,30.188377380371094,-23.111599510115433,23.111599510115433,Lower middle income
Canada,CAN,XGBoost,97.67387780428948,92.57160949707031,5.102268307219163,5.102268307219163,High income
Iraq,IRQ,XGBoost,20.714663395684408,17.757070541381836,2.957592854302572,2.957592854302572,Upper middle income
Lithuania,LTU,XGBoost,97.9274556674032,96.53954315185547,1.3879125155477254,1.3879125155477254,High income
Oman,OMN,XGBoost,96.04154533464563,75.41987609863281,20.62166923601282,20.62166923601282,High income
"Korea, Rep.",KOR,XGBoost,98.52135614894412,90.9532470703125,7.568109078631622,7.568109078631622,High income
Netherlands,NLD,XGBoost,97.04590219056718,88.77717590332031,8.268726287246864,8.268726287246864,High income
"Micronesia, Fed. Sts.",FSM,XGBoost,0.0,7.289854526519775,-7.289854526519775,7.289854526519775,Lower middle income
Burundi,BDI,XGBoost,1.727957760407723,33.37446594238281,-31.64650818197509,31.64650818197509,Low income
Romania,ROU,XGBoost,76.2945552843155,58.87353515625,17.421020128065507,17.421020128065507,Upper middle income
Barbados,BRB,XGBoost,16.894020320517903,31.71122932434082,-14.817209003822917,14.817209003822917,High income
Jamaica,JAM,XGBoost,32.527188361000015,36.44012451171875,-3.9129361507187355,3.9129361507187355,Upper middle income
Lao PDR,LAO,XGBoost,20.34444641645468,27.95121192932129,-7.606765512866609,7.606765512866609,Lower middle income
Australia,AUS,XGBoost,97.4674007977187,93.08708190917969,4.3803188885390085,4.3803188885390085,High income
Cameroon,CMR,XGBoost,45.62663968029979,45.35464859008789,0.27199109021189827,0.27199109021189827,Lower middle income
Liberia,LBR,XGBoost,9.724174056340743,25.674055099487305,-15.949881043146561,15.949881043146561,Low income
"Bahamas, The",BHS,XGBoost,13.366881322674624,28.23749351501465,-14.870612192340024,14.870612192340024,High income
Zimbabwe,ZWE,XGBoost,36.49290431057565,38.60198974609375,-2.1090854355180966,2.1090854355180966,Lower middle income
Tunisia,TUN,XGBoost,86.22721978256425,42.32802963256836,43.89919014999589,43.89919014999589,Lower middle income
Uzbekistan,UZB,XGBoost,71.11309259578664,69.29784393310547,1.8152486626811708,1.8152486626811708,Lower middle income
Suriname,SUR,XGBoost,31.201211851398043,39.090606689453125,-7.8893948380550825,7.8893948380550825,Upper middle income
Algeria,DZA,XGBoost,33.94962898513718,41.16240310668945,-7.212774121552272,7.212774121552272,Lower middle income
Kiribati,KIR,XGBoost,13.842499246348728,7.490001201629639,6.3524980447190895,6.3524980447190895,Lower middle income
Mauritania,MRT,XGBoost,18.94026269159246,41.02873611450195,-22.088473422909495,22.088473422909495,Lower middle income
Eswatini,SWZ,XGBoost,18.230235888384385,7.713392734527588,10.516843153856797,10.516843153856797,Lower middle income
Honduras,HND,XGBoost,2.2045693397103268,37.34815216064453,-35.143582820934206,35.143582820934206,Lower middle income
Belize,BLZ,XGBoost,10.29010968891442,40.67951202392578,-30.38940233501136,30.38940233501136,Lower middle income
Cambodia,KHM,XGBoost,19.1158760357082,52.38241958618164,-33.26654355047344,33.26654355047344,Lower middle income
Togo,TGO,XGBoost,33.190200848337504,33.598838806152344,-0.4086379578148396,0.4086379578148396,Low income
Rwanda,RWA,XGBoost,79.95173163684525,42.771732330322266,37.17999930652299,37.17999930652299,Low income
Slovak Republic,SVK,XGBoost,92.35633895456051,72.41722106933594,19.939117885224576,19.939117885224576,High income
Tajikistan,TJK,XGBoost,17.099251748330467,58.94511032104492,-41.845858572714455,41.845858572714455,Lower middle income
Guyana,GUY,XGBoost,28.10906637723197,22.75229263305664,5.356773744175328,5.356773744175328,Upper middle income
Serbia,SRB,XGBoost,89.80310931576227,64.66331481933594,25.139794496426333,25.139794496426333,Upper middle income
Bolivia,BOL,XGBoost,16.138067652303285,36.528602600097656,-20.39053494779437,20.39053494779437,Lower middle income
Czechia,CZE,XGBoost,74.37301698956526,100.6164779663086,-26.243460976743336,26.243460976743336,High income
Viet Nam,VNM,XGBoost,94.55164012069136,43.33698654174805,51.21465357894331,51.21465357894331,Lower middle income
Moldova,MDA,XGBoost,75.77910085154025,59.73210525512695,16.046995596413296,16.046995596413296,Upper middle income
Bosnia and Herzegovina,BIH,XGBoost,29.443871698918457,59.52524948120117,-30.081377782282715,30.081377782282715,Upper middle income
Nicaragua,NIC,XGBoost,9.000721369241944,28.14570426940918,-19.144982900167236,19.144982900167236,Lower middle income
Angola,AGO,XGBoost,12.994070567139236,52.74909973144531,-39.75502916430608,39.75502916430608,Lower middle income
Bhutan,BTN,XGBoost,18.34299671108046,51.76604461669922,-33.42304790561876,33.42304790561876,Lower middle income
Turkiye,TUR,XGBoost,97.50276716757271,95.82090759277344,1.681859574799276,1.681859574799276,Upper middle income
Dominican Republic,DOM,XGBoost,75.06875939472309,62.89356994628906,12.175189448434026,12.175189448434026,Upper middle income
Nepal,NPL,XGBoost,44.991709114810014,40.80004119873047,4.191667916079545,4.191667916079545,Lower middle income
Mozambique,MOZ,XGBoost,24.18137645997864,10.21258544921875,13.96879101075989,13.96879101075989,Low income
Tonga,TON,XGBoost,20.952153802397568,30.203433990478516,-9.251280188080948,9.251280188080948,Upper middle income
Cuba,CUB,XGBoost,58.75716009510822,50.43163299560547,8.32552709950275,8.32552709950275,Upper middle income
Vanuatu,VUT,XGBoost,12.884449837007612,14.548394203186035,-1.6639443661784235,1.6639443661784235,Lower middle income
United States,USA,XGBoost,100.0,95.53144073486328,4.468559265136719,4.468559265136719,High income
Croatia,HRV,XGBoost,92.52586788043143,92.66311645507812,-0.1372485746466907,0.1372485746466907,High income
Austria,AUT,XGBoost,93.8931269060767,96.44499206542969,-2.5518651593529853,2.5518651593529853,High income
Azerbaijan,AZE,XGBoost,89.3097838514196,46.8309211730957,42.47886267832389,42.47886267832389,Upper middle income
Samoa,WSM,XGBoost,29.32689188139521,34.89573669433594,-5.568844812940728,5.568844812940728,Lower middle income
Mali,MLI,XGBoost,10.14467669101046,32.87601089477539,-22.73133420376493,22.73133420376493,Low income
Estonia,EST,XGBoost,99.482637483368,91.84820556640625,7.634431916961745,7.634431916961745,High income
Argentina,ARG,XGBoost,50.119036387805785,78.57892608642578,-28.459889698619996,28.459889698619996,Upper middle income
Montenegro,MNE,XGBoost,53.23470243537223,79.707763671875,-26.473061236502772,26.473061236502772,Upper middle income
Russian Federation,RUS,XGBoost,98.06130127925962,81.57168579101562,16.489615488244,16.489615488244,Upper middle income
Mexico,MEX,XGBoost,81.68209356072518,79.61756896972656,2.064524590998616,2.064524590998616,Upper middle income
Malaysia,MYS,XGBoost,98.06130127925962,73.83457946777344,24.226721811486186,24.226721811486186,Upper middle income
Mauritius,MUS,XGBoost,96.89256971365506,68.98236083984375,27.910208873811314,27.910208873811314,Upper middle income
Paraguay,PRY,XGBoost,57.085346868909,20.058256149291992,37.02709071961701,37.02709071961701,Upper middle income
Bahrain,BHR,XGBoost,77.8595125430757,78.31770324707031,-0.45819070399461737,0.45819070399461737,High income
Sweden,SWE,XGBoost,94.5877695307036,86.43706512451172,8.150704406191878,8.150704406191878,High income
Nigeria,NGA,XGBoost,84.75749737168422,22.052284240722656,62.70521313096157,62.70521313096157,Lower middle income
United Arab Emirates,ARE,XGBoost,98.06130127925962,86.39510345458984,11.66619782466978,11.66619782466978,High income
Spain,ESP,XGBoost,98.52135614894412,91.09333038330078,7.428025765643341,7.428025765643341,High income
Belgium,BEL,XGBoost,96.25422116527945,97.43994140625,-1.1857202409705536,1.1857202409705536,High income
Uganda,UGA,XGBoost,69.98104463211652,31.68052101135254,38.30052362076398,38.30052362076398,Low income
Zambia,ZMB,XGBoost,68.87660672544338,22.0423583984375,46.83424832700588,46.83424832700588,Lower middle income
